loss,grad_norm,learning_rate,epoch,step,eval_loss,eval_top1_accuracy,eval_top5_accuracy,eval_top10_accuracy,eval_macro_f1,eval_weighted_f1,eval_runtime,eval_samples_per_second,eval_steps_per_second,train_runtime,train_samples_per_second,train_steps_per_second,total_flos,train_loss
6.6945123291015625,13.52359390258789,1.9084712755598832e-07,0.04868549172346641,50,,,,,,,,,,,,,,
6.65910888671875,15.395732879638672,3.8558909444985395e-07,0.09737098344693282,100,,,,,,,,,,,,,,
6.66624267578125,14.260250091552734,5.803310613437196e-07,0.1460564751703992,150,,,,,,,,,,,,,,
6.56936279296875,17.292577743530273,7.750730282375852e-07,0.19474196689386564,200,,,,,,,,,,,,,,
6.549390258789063,16.670818328857422,9.69814995131451e-07,0.24342745861733203,250,,,,,,,,,,,,,,
6.6369256591796875,13.246094703674316,1.1645569620253165e-06,0.2921129503407984,300,,,,,,,,,,,,,,
6.555122680664063,18.124736785888672,1.3592989289191821e-06,0.34079844206426485,350,,,,,,,,,,,,,,
6.552232055664063,20.761491775512695,1.554040895813048e-06,0.3894839337877313,400,,,,,,,,,,,,,,
6.574583740234375,19.851356506347656,1.7487828627069133e-06,0.43816942551119764,450,,,,,,,,,,,,,,
6.508978271484375,14.02863883972168,1.943524829600779e-06,0.48685491723466406,500,,,,,,,,,,,,,,
6.413941650390625,18.49947166442871,2.1382667964946445e-06,0.5355404089581305,550,,,,,,,,,,,,,,
6.492037963867188,21.37940788269043,2.3330087633885104e-06,0.5842259006815969,600,,,,,,,,,,,,,,
6.544721069335938,17.604318618774414,2.527750730282376e-06,0.6329113924050633,650,,,,,,,,,,,,,,
6.470324096679687,17.042762756347656,2.7224926971762416e-06,0.6815968841285297,700,,,,,,,,,,,,,,
6.50718017578125,17.880224227905273,2.917234664070107e-06,0.7302823758519961,750,,,,,,,,,,,,,,
6.461285400390625,18.44110870361328,3.111976630963973e-06,0.7789678675754625,800,,,,,,,,,,,,,,
6.49377685546875,15.881031036376953,3.3067185978578386e-06,0.8276533592989289,850,,,,,,,,,,,,,,
6.44722900390625,19.222522735595703,3.501460564751704e-06,0.8763388510223953,900,,,,,,,,,,,,,,
6.406517333984375,12.473130226135254,3.6962025316455702e-06,0.9250243427458618,950,,,,,,,,,,,,,,
6.451920166015625,20.01059341430664,3.890944498539436e-06,0.9737098344693281,1000,,,,,,,,,,,,,,
,,,1.0,1027,6.980456352233887,0.005356708059410762,0.019722425127830533,0.0340881421962503,0.000736829829652666,0.0009165152393026614,4.764,862.086,13.644,,,,,
6.485646362304688,17.092073440551758,4.0856864654333014e-06,1.0223953261927945,1050,,,,,,,,,,,,,,
6.519651489257813,19.462238311767578,4.280428432327167e-06,1.071080817916261,1100,,,,,,,,,,,,,,
6.438281860351562,18.203073501586914,4.475170399221033e-06,1.1197663096397275,1150,,,,,,,,,,,,,,
6.4927197265625,19.589872360229492,4.6699123661148985e-06,1.1684518013631937,1200,,,,,,,,,,,,,,
6.452297973632812,15.560900688171387,4.864654333008764e-06,1.2171372930866602,1250,,,,,,,,,,,,,,
6.406429443359375,15.125441551208496,5.059396299902629e-06,1.2658227848101267,1300,,,,,,,,,,,,,,
6.471561889648438,13.54834270477295,5.254138266796495e-06,1.314508276533593,1350,,,,,,,,,,,,,,
6.444933471679687,13.386504173278809,5.448880233690361e-06,1.3631937682570594,1400,,,,,,,,,,,,,,
6.474266357421875,16.393306732177734,5.643622200584227e-06,1.4118792599805259,1450,,,,,,,,,,,,,,
6.431589965820312,15.885523796081543,5.8383641674780925e-06,1.4605647517039921,1500,,,,,,,,,,,,,,
6.49385009765625,13.266789436340332,6.033106134371958e-06,1.5092502434274586,1550,,,,,,,,,,,,,,
6.4482354736328125,20.103307723999023,6.227848101265823e-06,1.557935735150925,1600,,,,,,,,,,,,,,
6.396593017578125,15.365234375,6.422590068159689e-06,1.6066212268743914,1650,,,,,,,,,,,,,,
6.365889892578125,19.201719284057617,6.617332035053554e-06,1.6553067185978578,1700,,,,,,,,,,,,,,
6.40157470703125,21.679759979248047,6.812074001947421e-06,1.7039922103213243,1750,,,,,,,,,,,,,,
6.525537719726563,16.430864334106445,7.0068159688412866e-06,1.7526777020447906,1800,,,,,,,,,,,,,,
6.469913940429688,16.17323112487793,7.201557935735152e-06,1.801363193768257,1850,,,,,,,,,,,,,,
6.462272338867187,15.06832504272461,7.396299902629017e-06,1.8500486854917235,1900,,,,,,,,,,,,,,
6.459413452148437,17.493276596069336,7.591041869522883e-06,1.8987341772151898,1950,,,,,,,,,,,,,,
6.467097778320312,21.448593139648438,7.785783836416749e-06,1.9474196689386563,2000,,,,,,,,,,,,,,
6.510175170898438,15.460725784301758,7.980525803310614e-06,1.9961051606621227,2050,,,,,,,,,,,,,,
,,,2.0,2054,6.96236515045166,0.006574141709276844,0.02337472607742878,0.0370099829559289,0.0007449380357505745,0.0013206899587506823,4.7709,860.846,13.624,,,,,
6.445466918945312,22.704906463623047,8.17526777020448e-06,2.044790652385589,2100,,,,,,,,,,,,,,
6.339244384765625,18.76305389404297,8.370009737098346e-06,2.0934761441090557,2150,,,,,,,,,,,,,,
6.440040893554688,16.321455001831055,8.56475170399221e-06,2.142161635832522,2200,,,,,,,,,,,,,,
6.3934564208984375,16.85813331604004,8.759493670886077e-06,2.190847127555988,2250,,,,,,,,,,,,,,
6.446736450195313,15.491400718688965,8.954235637779943e-06,2.239532619279455,2300,,,,,,,,,,,,,,
6.362233276367188,16.897518157958984,9.148977604673808e-06,2.288218111002921,2350,,,,,,,,,,,,,,
6.500126953125,17.1485652923584,9.343719571567674e-06,2.3369036027263874,2400,,,,,,,,,,,,,,
6.493404541015625,17.034330368041992,9.53846153846154e-06,2.385589094449854,2450,,,,,,,,,,,,,,
6.478067626953125,15.681503295898438,9.733203505355405e-06,2.4342745861733204,2500,,,,,,,,,,,,,,
6.4706658935546875,17.48002815246582,9.92794547224927e-06,2.4829600778967866,2550,,,,,,,,,,,,,,
6.5200262451171875,12.717693328857422,1.0122687439143135e-05,2.5316455696202533,2600,,,,,,,,,,,,,,
6.486052856445313,17.850019454956055,1.0317429406037003e-05,2.5803310613437196,2650,,,,,,,,,,,,,,
6.583131713867187,17.398086547851562,1.0512171372930868e-05,2.629016553067186,2700,,,,,,,,,,,,,,
6.562642822265625,11.375564575195312,1.0706913339824734e-05,2.6777020447906525,2750,,,,,,,,,,,,,,
6.6218017578125,12.838706016540527,1.0901655306718599e-05,2.726387536514119,2800,,,,,,,,,,,,,,
6.600482788085937,11.875462532043457,1.1096397273612465e-05,2.775073028237585,2850,,,,,,,,,,,,,,
6.598909912109375,12.20193862915039,1.129113924050633e-05,2.8237585199610518,2900,,,,,,,,,,,,,,
6.624148559570313,13.930920600891113,1.1485881207400196e-05,2.872444011684518,2950,,,,,,,,,,,,,,
6.67477294921875,10.945660591125488,1.1680623174294062e-05,2.9211295034079843,3000,,,,,,,,,,,,,,
6.66740966796875,14.982123374938965,1.1875365141187926e-05,2.969814995131451,3050,,,,,,,,,,,,,,
,,,3.0,3081,6.82248592376709,0.006087168249330412,0.02824446067689311,0.04674945215485756,0.0004639378736179297,0.0009373042429997721,4.7684,861.301,13.632,,,,,
6.591427612304687,11.673582077026367,1.2070107108081793e-05,3.0185004868549172,3100,,,,,,,,,,,,,,
6.481866455078125,15.00671672821045,1.2264849074975657e-05,3.0671859785783835,3150,,,,,,,,,,,,,,
6.485681762695313,12.789871215820312,1.2459591041869523e-05,3.11587147030185,3200,,,,,,,,,,,,,,
6.587477416992187,15.081013679504395,1.2654333008763388e-05,3.1645569620253164,3250,,,,,,,,,,,,,,
6.511813354492188,14.805602073669434,1.2849074975657254e-05,3.2132424537487827,3300,,,,,,,,,,,,,,
6.538165283203125,13.542379379272461,1.3043816942551122e-05,3.2619279454722494,3350,,,,,,,,,,,,,,
6.56798583984375,12.710860252380371,1.3238558909444987e-05,3.3106134371957157,3400,,,,,,,,,,,,,,
6.520693359375,16.092741012573242,1.3433300876338853e-05,3.359298928919182,3450,,,,,,,,,,,,,,
6.562144775390625,13.640959739685059,1.3628042843232718e-05,3.4079844206426486,3500,,,,,,,,,,,,,,
6.479570922851562,18.762893676757812,1.3822784810126584e-05,3.456669912366115,3550,,,,,,,,,,,,,,
6.577431640625,13.3377046585083,1.401752677702045e-05,3.505355404089581,3600,,,,,,,,,,,,,,
6.574301147460938,12.157912254333496,1.4212268743914315e-05,3.554040895813048,3650,,,,,,,,,,,,,,
6.595095825195313,14.263757705688477,1.440701071080818e-05,3.602726387536514,3700,,,,,,,,,,,,,,
6.52970703125,16.47035789489746,1.4601752677702045e-05,3.651411879259981,3750,,,,,,,,,,,,,,
6.484443359375,12.340449333190918,1.4796494644595912e-05,3.700097370983447,3800,,,,,,,,,,,,,,
6.499529418945312,14.41742992401123,1.4991236611489776e-05,3.7487828627069133,3850,,,,,,,,,,,,,,
6.543582763671875,16.16643524169922,1.5185978578383642e-05,3.7974683544303796,3900,,,,,,,,,,,,,,
6.531964721679688,12.618443489074707,1.538072054527751e-05,3.8461538461538463,3950,,,,,,,,,,,,,,
6.521019287109375,13.701234817504883,1.5575462512171373e-05,3.8948393378773125,4000,,,,,,,,,,,,,,
6.487095947265625,13.341609001159668,1.577020447906524e-05,3.943524829600779,4050,,,,,,,,,,,,,,
6.512612915039062,13.445137023925781,1.5964946445959106e-05,3.9922103213242455,4100,,,,,,,,,,,,,,
,,,4.0,4108,6.877602577209473,0.008035062089116142,0.030679327976625273,0.050401753104455806,0.0007942554719146763,0.001528167029088022,4.751,864.449,13.681,,,,,
6.428080444335937,10.351161003112793,1.615968841285297e-05,4.040895813047712,4150,,,,,,,,,,,,,,
6.426870727539063,16.13025665283203,1.6354430379746838e-05,4.089581304771178,4200,,,,,,,,,,,,,,
6.436929321289062,15.547653198242188,1.6549172346640703e-05,4.138266796494644,4250,,,,,,,,,,,,,,
6.40741943359375,13.092252731323242,1.6743914313534567e-05,4.186952288218111,4300,,,,,,,,,,,,,,
6.495833129882812,14.754976272583008,1.6938656280428435e-05,4.235637779941578,4350,,,,,,,,,,,,,,
6.43189697265625,15.52553939819336,1.71333982473223e-05,4.284323271665044,4400,,,,,,,,,,,,,,
6.420836181640625,16.355060577392578,1.7328140214216164e-05,4.33300876338851,4450,,,,,,,,,,,,,,
6.463529663085938,12.64404010772705,1.752288218111003e-05,4.381694255111976,4500,,,,,,,,,,,,,,
6.390721435546875,13.65137004852295,1.7717624148003897e-05,4.430379746835443,4550,,,,,,,,,,,,,,
6.44667724609375,15.372650146484375,1.791236611489776e-05,4.47906523855891,4600,,,,,,,,,,,,,,
6.445970458984375,15.942039489746094,1.8107108081791626e-05,4.527750730282376,4650,,,,,,,,,,,,,,
6.431354370117187,14.68214225769043,1.8301850048685494e-05,4.576436222005842,4700,,,,,,,,,,,,,,
6.465201416015625,15.556805610656738,1.8496592015579358e-05,4.625121713729309,4750,,,,,,,,,,,,,,
6.453630981445312,11.645904541015625,1.8691333982473226e-05,4.673807205452775,4800,,,,,,,,,,,,,,
6.42942138671875,16.221107482910156,1.888607594936709e-05,4.722492697176241,4850,,,,,,,,,,,,,,
6.419439697265625,12.949409484863281,1.9080817916260955e-05,4.771178188899708,4900,,,,,,,,,,,,,,
6.43321533203125,12.387754440307617,1.9275559883154823e-05,4.8198636806231745,4950,,,,,,,,,,,,,,
6.410020141601563,14.260939598083496,1.9470301850048688e-05,4.868549172346641,5000,,,,,,,,,,,,,,
6.484336547851562,11.73134708404541,1.9665043816942552e-05,4.917234664070107,5050,,,,,,,,,,,,,,
6.481383056640625,17.175512313842773,1.9859785783836417e-05,4.965920155793573,5100,,,,,,,,,,,,,,
,,,5.0,5135,6.769929885864258,0.012174336498660824,0.035305575846116384,0.06281957633308985,0.0017112714964058176,0.0024878880757226497,4.7681,861.349,13.632,,,,,
6.3660546875,13.143338203430176,1.999394136102997e-05,5.0146056475170395,5150,,,,,,,,,,,,,,
6.3214794921875,14.777445793151855,1.997230336470843e-05,5.063291139240507,5200,,,,,,,,,,,,,,
6.268831787109375,17.23207664489746,1.995066536838689e-05,5.111976630963973,5250,,,,,,,,,,,,,,
6.3283154296875,10.937849044799805,1.9929027372065347e-05,5.160662122687439,5300,,,,,,,,,,,,,,
6.326318969726563,12.628437995910645,1.9907389375743807e-05,5.209347614410905,5350,,,,,,,,,,,,,,
6.238618774414062,16.857376098632812,1.9885751379422267e-05,5.258033106134372,5400,,,,,,,,,,,,,,
6.249993896484375,13.868022918701172,1.9864113383100728e-05,5.306718597857838,5450,,,,,,,,,,,,,,
6.295120849609375,15.76869010925293,1.9842475386779184e-05,5.355404089581305,5500,,,,,,,,,,,,,,
6.267265014648437,13.920214653015137,1.9820837390457645e-05,5.404089581304771,5550,,,,,,,,,,,,,,
6.272531127929687,13.969924926757812,1.9799199394136105e-05,5.452775073028238,5600,,,,,,,,,,,,,,
6.2562744140625,13.0875883102417,1.9777561397814565e-05,5.501460564751704,5650,,,,,,,,,,,,,,
6.377724609375,17.15711784362793,1.9755923401493022e-05,5.55014605647517,5700,,,,,,,,,,,,,,
6.238961181640625,12.975704193115234,1.9734285405171482e-05,5.598831548198637,5750,,,,,,,,,,,,,,
6.230718994140625,14.098830223083496,1.9712647408849942e-05,5.6475170399221035,5800,,,,,,,,,,,,,,
6.2707586669921875,14.003561973571777,1.9691009412528403e-05,5.69620253164557,5850,,,,,,,,,,,,,,
6.2790966796875,15.43860912322998,1.9669371416206863e-05,5.744888023369036,5900,,,,,,,,,,,,,,
6.271456298828125,13.332682609558105,1.964773341988532e-05,5.793573515092502,5950,,,,,,,,,,,,,,
6.283413696289062,13.557035446166992,1.962609542356378e-05,5.8422590068159685,6000,,,,,,,,,,,,,,
6.290674438476563,12.874857902526855,1.9604457427242237e-05,5.890944498539435,6050,,,,,,,,,,,,,,
6.3223046875,13.374282836914062,1.9582819430920697e-05,5.939629990262902,6100,,,,,,,,,,,,,,
6.2913720703125,14.797016143798828,1.9561181434599157e-05,5.988315481986368,6150,,,,,,,,,,,,,,
,,,6.0,6162,6.718953609466553,0.014852690528366203,0.04553201850499148,0.07572437302167032,0.0028887176146464234,0.0037012009816690962,4.7949,856.529,13.556,,,,,
6.114403076171875,13.219388008117676,1.9539543438277618e-05,6.0370009737098345,6200,,,,,,,,,,,,,,
6.037657470703125,13.264599800109863,1.9517905441956075e-05,6.085686465433301,6250,,,,,,,,,,,,,,
6.131700439453125,16.279495239257812,1.9496267445634535e-05,6.134371957156767,6300,,,,,,,,,,,,,,
6.0759735107421875,16.009384155273438,1.9474629449312995e-05,6.183057448880234,6350,,,,,,,,,,,,,,
6.103599243164062,17.427881240844727,1.9452991452991455e-05,6.2317429406037,6400,,,,,,,,,,,,,,
6.114909057617187,14.121830940246582,1.9431353456669916e-05,6.280428432327167,6450,,,,,,,,,,,,,,
6.0992919921875,15.31475830078125,1.9409715460348372e-05,6.329113924050633,6500,,,,,,,,,,,,,,
6.021736450195313,17.03961753845215,1.9388077464026833e-05,6.377799415774099,6550,,,,,,,,,,,,,,
6.092340698242188,15.424056053161621,1.9366439467705293e-05,6.426484907497565,6600,,,,,,,,,,,,,,
6.098330078125,18.293201446533203,1.9344801471383753e-05,6.4751703992210325,6650,,,,,,,,,,,,,,
6.130191040039063,14.926837921142578,1.932316347506221e-05,6.523855890944499,6700,,,,,,,,,,,,,,
5.937376098632813,17.13638687133789,1.930152547874067e-05,6.572541382667965,6750,,,,,,,,,,,,,,
6.04163330078125,15.52478313446045,1.927988748241913e-05,6.621226874391431,6800,,,,,,,,,,,,,,
6.048824462890625,21.219398498535156,1.9258249486097587e-05,6.669912366114898,6850,,,,,,,,,,,,,,
6.076455078125,14.671952247619629,1.9236611489776048e-05,6.718597857838364,6900,,,,,,,,,,,,,,
6.107788696289062,14.525908470153809,1.9214973493454508e-05,6.767283349561831,6950,,,,,,,,,,,,,,
6.076891479492187,13.924684524536133,1.9193335497132968e-05,6.815968841285297,7000,,,,,,,,,,,,,,
6.015184936523437,16.383209228515625,1.9171697500811425e-05,6.8646543330087635,7050,,,,,,,,,,,,,,
6.009203491210937,15.935033798217773,1.9150059504489885e-05,6.91333982473223,7100,,,,,,,,,,,,,,
6.042963256835938,14.189600944519043,1.9128421508168345e-05,6.962025316455696,7150,,,,,,,,,,,,,,
,,,7.0,7189,6.568277835845947,0.0221572924275627,0.06403700998295593,0.10591672753834916,0.007150222783063673,0.009689391214260394,4.7894,857.518,13.572,,,,,
6.0923291015625,16.91321563720703,1.9106783511846806e-05,7.010710808179162,7200,,,,,,,,,,,,,,
5.78158203125,15.16718578338623,1.9085145515525263e-05,7.059396299902629,7250,,,,,,,,,,,,,,
5.871276245117188,16.40507698059082,1.9063507519203723e-05,7.108081791626096,7300,,,,,,,,,,,,,,
5.826119384765625,16.621973037719727,1.9041869522882183e-05,7.156767283349562,7350,,,,,,,,,,,,,,
5.780870971679687,17.73331069946289,1.9020231526560643e-05,7.205452775073028,7400,,,,,,,,,,,,,,
5.78988525390625,15.178178787231445,1.8998593530239104e-05,7.254138266796494,7450,,,,,,,,,,,,,,
5.90292724609375,15.079601287841797,1.897695553391756e-05,7.302823758519961,7500,,,,,,,,,,,,,,
5.83478759765625,18.92547607421875,1.895531753759602e-05,7.351509250243428,7550,,,,,,,,,,,,,,
5.8401422119140625,19.222124099731445,1.8933679541274478e-05,7.400194741966894,7600,,,,,,,,,,,,,,
5.863731689453125,17.54612159729004,1.8912041544952938e-05,7.44888023369036,7650,,,,,,,,,,,,,,
5.845545043945313,19.72369956970215,1.8890403548631398e-05,7.497565725413827,7700,,,,,,,,,,,,,,
5.762042846679687,19.91071891784668,1.8868765552309858e-05,7.546251217137293,7750,,,,,,,,,,,,,,
5.86592041015625,16.560049057006836,1.8847127555988315e-05,7.594936708860759,7800,,,,,,,,,,,,,,
5.759887084960938,21.64662742614746,1.8825489559666775e-05,7.643622200584226,7850,,,,,,,,,,,,,,
5.794471435546875,16.436120986938477,1.8803851563345236e-05,7.6923076923076925,7900,,,,,,,,,,,,,,
5.874915771484375,15.493568420410156,1.8782213567023696e-05,7.740993184031159,7950,,,,,,,,,,,,,,
5.787352905273438,17.79523468017578,1.8760575570702156e-05,7.789678675754625,8000,,,,,,,,,,,,,,
5.78742919921875,15.825958251953125,1.8738937574380613e-05,7.838364167478091,8050,,,,,,,,,,,,,,
5.798032836914063,16.363082885742188,1.8717299578059073e-05,7.887049659201558,8100,,,,,,,,,,,,,,
5.8158721923828125,18.739368438720703,1.8695661581737533e-05,7.935735150925025,8150,,,,,,,,,,,,,,
5.7654443359375,18.484046936035156,1.8674023585415994e-05,7.984420642648491,8200,,,,,,,,,,,,,,
,,,8.0,8216,6.5062479972839355,0.02800097394691989,0.07669831994156319,0.11638665692719746,0.008435935993838068,0.01200544469999776,4.7841,858.461,13.587,,,,,
5.678125,17.500995635986328,1.865238558909445e-05,8.033106134371957,8250,,,,,,,,,,,,,,
5.509525146484375,18.584136962890625,1.863074759277291e-05,8.081791626095423,8300,,,,,,,,,,,,,,
5.510477294921875,21.083995819091797,1.8609109596451368e-05,8.13047711781889,8350,,,,,,,,,,,,,,
5.48362548828125,16.444408416748047,1.8587471600129828e-05,8.179162609542356,8400,,,,,,,,,,,,,,
5.505391235351563,15.198746681213379,1.8565833603808288e-05,8.227848101265822,8450,,,,,,,,,,,,,,
5.54157470703125,15.697677612304688,1.854419560748675e-05,8.276533592989288,8500,,,,,,,,,,,,,,
5.52617919921875,17.019847869873047,1.852255761116521e-05,8.325219084712757,8550,,,,,,,,,,,,,,
5.575428466796875,20.30266571044922,1.8500919614843666e-05,8.373904576436223,8600,,,,,,,,,,,,,,
5.44449951171875,16.46756362915039,1.8479281618522126e-05,8.422590068159689,8650,,,,,,,,,,,,,,
5.603483276367188,16.679040908813477,1.8457643622200586e-05,8.471275559883155,8700,,,,,,,,,,,,,,
5.59255615234375,18.865068435668945,1.8436005625879046e-05,8.519961051606622,8750,,,,,,,,,,,,,,
5.519319458007812,17.64094352722168,1.8414367629557503e-05,8.568646543330088,8800,,,,,,,,,,,,,,
5.528522338867187,18.127647399902344,1.8392729633235963e-05,8.617332035053554,8850,,,,,,,,,,,,,,
5.562907104492187,20.848621368408203,1.8371091636914424e-05,8.66601752677702,8900,,,,,,,,,,,,,,
5.525546875,21.900390625,1.8349453640592884e-05,8.714703018500487,8950,,,,,,,,,,,,,,
5.593088989257812,16.198251724243164,1.8327815644271344e-05,8.763388510223953,9000,,,,,,,,,,,,,,
5.534158325195312,19.314054489135742,1.83061776479498e-05,8.812074001947419,9050,,,,,,,,,,,,,,
5.493917236328125,19.101892471313477,1.828453965162826e-05,8.860759493670885,9100,,,,,,,,,,,,,,
5.54106689453125,18.5712833404541,1.8262901655306718e-05,8.909444985394352,9150,,,,,,,,,,,,,,
5.537160034179688,22.734962463378906,1.824126365898518e-05,8.95813047711782,9200,,,,,,,,,,,,,,
,,,9.0,9243,6.352819442749023,0.03676649622595569,0.09715120525931337,0.14901387874360847,0.014674066829868848,0.01906557094704663,4.8097,853.903,13.514,,,,,
5.492944946289063,17.399707794189453,1.821962566266364e-05,9.006815968841286,9250,,,,,,,,,,,,,,
5.240791015625,21.628969192504883,1.81979876663421e-05,9.055501460564752,9300,,,,,,,,,,,,,,
5.289275512695313,18.82761001586914,1.8176349670020556e-05,9.104186952288218,9350,,,,,,,,,,,,,,
5.233864135742188,18.529958724975586,1.8154711673699016e-05,9.152872444011685,9400,,,,,,,,,,,,,,
5.237884521484375,17.13205909729004,1.8133073677377476e-05,9.201557935735151,9450,,,,,,,,,,,,,,
5.2461175537109375,18.452735900878906,1.8111435681055936e-05,9.250243427458617,9500,,,,,,,,,,,,,,
5.183182373046875,16.447738647460938,1.8089797684734397e-05,9.298928919182083,9550,,,,,,,,,,,,,,
5.236660766601562,20.03500747680664,1.8068159688412854e-05,9.34761441090555,9600,,,,,,,,,,,,,,
5.2493963623046875,19.225658416748047,1.8046521692091314e-05,9.396299902629016,9650,,,,,,,,,,,,,,
5.39048583984375,21.081623077392578,1.8024883695769774e-05,9.444985394352482,9700,,,,,,,,,,,,,,
5.286775512695312,18.86211395263672,1.8003245699448234e-05,9.49367088607595,9750,,,,,,,,,,,,,,
5.248460083007813,17.925819396972656,1.798160770312669e-05,9.542356377799416,9800,,,,,,,,,,,,,,
5.254960327148438,20.09107780456543,1.795996970680515e-05,9.591041869522883,9850,,,,,,,,,,,,,,
5.200191040039062,19.490442276000977,1.7938331710483608e-05,9.639727361246349,9900,,,,,,,,,,,,,,
5.159505615234375,22.432525634765625,1.791669371416207e-05,9.688412852969815,9950,,,,,,,,,,,,,,
5.210559692382812,22.7473087310791,1.789505571784053e-05,9.737098344693282,10000,,,,,,,,,,,,,,
5.2517529296875,22.14611053466797,1.787341772151899e-05,9.785783836416748,10050,,,,,,,,,,,,,,
5.196791381835937,23.3018798828125,1.785177972519745e-05,9.834469328140214,10100,,,,,,,,,,,,,,
5.27925048828125,20.296268463134766,1.7830141728875906e-05,9.88315481986368,10150,,,,,,,,,,,,,,
5.224597778320312,19.590421676635742,1.7808503732554366e-05,9.931840311587147,10200,,,,,,,,,,,,,,
5.202463989257812,23.327638626098633,1.7786865736232827e-05,9.980525803310613,10250,,,,,,,,,,,,,,
,,,10.0,10270,6.324367046356201,0.04187971755539323,0.11565619673727782,0.17092768444119796,0.018174299214300887,0.022293790333484664,4.7696,861.083,13.628,,,,,
5.204113159179688,20.070297241210938,1.7765227739911287e-05,10.029211295034079,10300,,,,,,,,,,,,,,
4.9855804443359375,18.730464935302734,1.7743589743589744e-05,10.077896786757547,10350,,,,,,,,,,,,,,
4.912052307128906,21.3321590423584,1.7721951747268204e-05,10.126582278481013,10400,,,,,,,,,,,,,,
4.866929931640625,19.470497131347656,1.7700313750946664e-05,10.17526777020448,10450,,,,,,,,,,,,,,
5.012395629882812,25.22796058654785,1.7678675754625124e-05,10.223953261927946,10500,,,,,,,,,,,,,,
5.018722229003906,21.618127822875977,1.7657037758303585e-05,10.272638753651412,10550,,,,,,,,,,,,,,
4.932933044433594,19.359638214111328,1.763539976198204e-05,10.321324245374878,10600,,,,,,,,,,,,,,
4.911108703613281,22.032001495361328,1.7613761765660502e-05,10.370009737098345,10650,,,,,,,,,,,,,,
4.951496887207031,22.740488052368164,1.759212376933896e-05,10.41869522882181,10700,,,,,,,,,,,,,,
4.815465087890625,20.731435775756836,1.757048577301742e-05,10.467380720545277,10750,,,,,,,,,,,,,,
4.98523193359375,19.090375900268555,1.754884777669588e-05,10.516066212268743,10800,,,,,,,,,,,,,,
4.996120910644532,20.5813045501709,1.752720978037434e-05,10.56475170399221,10850,,,,,,,,,,,,,,
4.954534301757812,19.621044158935547,1.7505571784052796e-05,10.613437195715676,10900,,,,,,,,,,,,,,
4.946527099609375,21.260929107666016,1.7483933787731257e-05,10.662122687439144,10950,,,,,,,,,,,,,,
4.967379455566406,22.549327850341797,1.7462295791409717e-05,10.71080817916261,11000,,,,,,,,,,,,,,
4.947334899902343,23.159141540527344,1.7440657795088177e-05,10.759493670886076,11050,,,,,,,,,,,,,,
4.95214599609375,20.023639678955078,1.7419019798766637e-05,10.808179162609543,11100,,,,,,,,,,,,,,
5.020720520019531,23.898029327392578,1.7397381802445094e-05,10.856864654333009,11150,,,,,,,,,,,,,,
4.9236572265625,21.766033172607422,1.7375743806123554e-05,10.905550146056475,11200,,,,,,,,,,,,,,
4.916121215820312,25.200159072875977,1.7354105809802015e-05,10.954235637779941,11250,,,,,,,,,,,,,,
,,,11.0,11297,6.164879322052002,0.053323593864134405,0.1317263209155101,0.1908935962990017,0.02580526274436548,0.0327482294847173,4.786,858.126,13.581,,,,,
4.889377136230468,21.009796142578125,1.7332467813480475e-05,11.002921129503408,11300,,,,,,,,,,,,,,
4.610220031738281,22.884485244750977,1.7310829817158932e-05,11.051606621226874,11350,,,,,,,,,,,,,,
4.590865173339844,28.528091430664062,1.7289191820837392e-05,11.10029211295034,11400,,,,,,,,,,,,,,
4.53884765625,21.162410736083984,1.726755382451585e-05,11.148977604673806,11450,,,,,,,,,,,,,,
4.685238952636719,25.671239852905273,1.724591582819431e-05,11.197663096397273,11500,,,,,,,,,,,,,,
4.505424499511719,23.374418258666992,1.722427783187277e-05,11.24634858812074,11550,,,,,,,,,,,,,,
4.650340576171875,21.275678634643555,1.720263983555123e-05,11.295034079844207,11600,,,,,,,,,,,,,,
4.688094177246094,23.94211769104004,1.718100183922969e-05,11.343719571567673,11650,,,,,,,,,,,,,,
4.672421875,25.04361915588379,1.7159363842908147e-05,11.39240506329114,11700,,,,,,,,,,,,,,
4.761904907226563,20.377452850341797,1.7137725846586607e-05,11.441090555014606,11750,,,,,,,,,,,,,,
4.551544799804687,23.32838249206543,1.7116087850265067e-05,11.489776046738072,11800,,,,,,,,,,,,,,
4.718501586914062,24.20284652709961,1.7094449853943527e-05,11.538461538461538,11850,,,,,,,,,,,,,,
4.61649658203125,22.701345443725586,1.7072811857621984e-05,11.587147030185005,11900,,,,,,,,,,,,,,
4.7057763671875,22.262399673461914,1.7051173861300445e-05,11.63583252190847,11950,,,,,,,,,,,,,,
4.639976196289062,20.045299530029297,1.7029535864978905e-05,11.684518013631937,12000,,,,,,,,,,,,,,
4.6779022216796875,25.75276756286621,1.7007897868657365e-05,11.733203505355403,12050,,,,,,,,,,,,,,
4.573129577636719,20.455114364624023,1.6986259872335825e-05,11.78188899707887,12100,,,,,,,,,,,,,,
4.6138763427734375,21.12782859802246,1.6964621876014282e-05,11.830574488802338,12150,,,,,,,,,,,,,,
4.731600036621094,22.54488754272461,1.6942983879692742e-05,11.879259980525804,12200,,,,,,,,,,,,,,
4.648587341308594,21.252071380615234,1.69213458833712e-05,11.92794547224927,12250,,,,,,,,,,,,,,
4.633974914550781,22.440244674682617,1.689970788704966e-05,11.976630963972736,12300,,,,,,,,,,,,,,
,,,12.0,12324,6.144943714141846,0.05283662040418797,0.15096177258339422,0.20818115412710006,0.02869866357853038,0.03591503089074103,4.7852,858.277,13.584,,,,,
4.54614990234375,24.270538330078125,1.687806989072812e-05,12.025316455696203,12350,,,,,,,,,,,,,,
4.335792541503906,21.016271591186523,1.685643189440658e-05,12.074001947419669,12400,,,,,,,,,,,,,,
4.359090881347656,21.48261833190918,1.6834793898085037e-05,12.122687439143135,12450,,,,,,,,,,,,,,
4.22614501953125,24.332605361938477,1.6813155901763497e-05,12.171372930866601,12500,,,,,,,,,,,,,,
4.419888000488282,24.79328155517578,1.6791517905441957e-05,12.220058422590068,12550,,,,,,,,,,,,,,
4.353857421875,52.149635314941406,1.6769879909120418e-05,12.268743914313534,12600,,,,,,,,,,,,,,
4.320985717773437,22.237302780151367,1.6748241912798878e-05,12.317429406037,12650,,,,,,,,,,,,,,
4.295972290039063,25.630619049072266,1.6726603916477335e-05,12.366114897760468,12700,,,,,,,,,,,,,,
4.331007690429687,25.47848892211914,1.6704965920155795e-05,12.414800389483934,12750,,,,,,,,,,,,,,
4.226569519042969,23.38593292236328,1.6683327923834255e-05,12.4634858812074,12800,,,,,,,,,,,,,,
4.333053894042969,22.659578323364258,1.6661689927512715e-05,12.512171372930867,12850,,,,,,,,,,,,,,
4.274210205078125,21.768665313720703,1.6640051931191172e-05,12.560856864654333,12900,,,,,,,,,,,,,,
4.364161071777343,22.774606704711914,1.6618413934869633e-05,12.6095423563778,12950,,,,,,,,,,,,,,
4.3823974609375,25.31818199157715,1.659677593854809e-05,12.658227848101266,13000,,,,,,,,,,,,,,
4.40167724609375,27.432687759399414,1.657513794222655e-05,12.706913339824732,13050,,,,,,,,,,,,,,
4.3794403076171875,24.769250869750977,1.6553499945905013e-05,12.755598831548198,13100,,,,,,,,,,,,,,
4.391388549804687,23.37976837158203,1.653186194958347e-05,12.804284323271665,13150,,,,,,,,,,,,,,
4.422524108886718,23.640918731689453,1.651022395326193e-05,12.85296981499513,13200,,,,,,,,,,,,,,
4.392640380859375,31.599178314208984,1.6488585956940387e-05,12.901655306718597,13250,,,,,,,,,,,,,,
4.356007690429688,24.205936431884766,1.6466947960618848e-05,12.950340798442065,13300,,,,,,,,,,,,,,
4.379544982910156,26.10424041748047,1.6445309964297308e-05,12.999026290165531,13350,,,,,,,,,,,,,,
,,,13.0,13351,6.143928050994873,0.061358655953250546,0.16143170197224252,0.22132943754565376,0.03693318710000703,0.04298862396941815,4.7785,859.472,13.603,,,,,
4.047088623046875,23.63728141784668,1.6423671967975768e-05,13.047711781888998,13400,,,,,,,,,,,,,,
4.057475891113281,23.98853874206543,1.6402033971654225e-05,13.096397273612464,13450,,,,,,,,,,,,,,
3.9954046630859374,25.398775100708008,1.6380395975332685e-05,13.14508276533593,13500,,,,,,,,,,,,,,
4.044195556640625,25.99765968322754,1.6358757979011145e-05,13.193768257059396,13550,,,,,,,,,,,,,,
4.032319030761719,25.419414520263672,1.6337119982689606e-05,13.242453748782863,13600,,,,,,,,,,,,,,
4.276241149902344,22.598617553710938,1.6315481986368066e-05,13.291139240506329,13650,,,,,,,,,,,,,,
4.003546447753906,27.06715965270996,1.6293843990046523e-05,13.339824732229795,13700,,,,,,,,,,,,,,
4.222652587890625,26.300556182861328,1.6272205993724983e-05,13.388510223953261,13750,,,,,,,,,,,,,,
4.118511962890625,26.023488998413086,1.625056799740344e-05,13.437195715676728,13800,,,,,,,,,,,,,,
3.9313848876953124,25.081954956054688,1.62289300010819e-05,13.485881207400194,13850,,,,,,,,,,,,,,
4.04258056640625,24.483469009399414,1.620729200476036e-05,13.534566699123662,13900,,,,,,,,,,,,,,
4.092823791503906,23.32816505432129,1.618565400843882e-05,13.583252190847128,13950,,,,,,,,,,,,,,
4.022069396972657,23.985849380493164,1.6164016012117277e-05,13.631937682570594,14000,,,,,,,,,,,,,,
4.07966064453125,29.369749069213867,1.6142378015795738e-05,13.68062317429406,14050,,,,,,,,,,,,,,
3.987379150390625,22.78101921081543,1.6120740019474198e-05,13.729308666017527,14100,,,,,,,,,,,,,,
4.1157080078125,27.253314971923828,1.6099102023152658e-05,13.777994157740993,14150,,,,,,,,,,,,,,
4.075100708007812,27.070920944213867,1.607746402683112e-05,13.82667964946446,14200,,,,,,,,,,,,,,
4.100509338378906,28.481781005859375,1.6055826030509575e-05,13.875365141187926,14250,,,,,,,,,,,,,,
3.9738714599609377,26.45250129699707,1.6034188034188036e-05,13.924050632911392,14300,,,,,,,,,,,,,,
4.07907470703125,24.635255813598633,1.6012550037866496e-05,13.972736124634858,14350,,,,,,,,,,,,,,
,,,14.0,14378,6.121411323547363,0.06866325785244703,0.1684928171414658,0.23861699537375214,0.043556441060898385,0.0496207771967558,4.793,856.876,13.561,,,,,
3.9490557861328126,24.51609230041504,1.5990912041544956e-05,14.021421616358325,14400,,,,,,,,,,,,,,
3.7868182373046877,27.88515853881836,1.5969274045223413e-05,14.07010710808179,14450,,,,,,,,,,,,,,
3.8187905883789064,27.355106353759766,1.5947636048901873e-05,14.118792599805259,14500,,,,,,,,,,,,,,
3.7753372192382812,24.33519172668457,1.592599805258033e-05,14.167478091528725,14550,,,,,,,,,,,,,,
3.765044860839844,25.04266929626465,1.590436005625879e-05,14.216163583252191,14600,,,,,,,,,,,,,,
3.6625656127929687,22.00664710998535,1.588272205993725e-05,14.264849074975658,14650,,,,,,,,,,,,,,
3.764722900390625,27.98793601989746,1.586108406361571e-05,14.313534566699124,14700,,,,,,,,,,,,,,
3.738719787597656,25.836776733398438,1.583944606729417e-05,14.36222005842259,14750,,,,,,,,,,,,,,
3.7815155029296874,24.758737564086914,1.5817808070972628e-05,14.410905550146056,14800,,,,,,,,,,,,,,
3.956315002441406,26.67070770263672,1.5796170074651088e-05,14.459591041869523,14850,,,,,,,,,,,,,,
3.68026123046875,26.037227630615234,1.577453207832955e-05,14.508276533592989,14900,,,,,,,,,,,,,,
3.903636474609375,26.43634033203125,1.575289408200801e-05,14.556962025316455,14950,,,,,,,,,,,,,,
3.8591876220703125,26.15964698791504,1.5731256085686465e-05,14.605647517039921,15000,,,,,,,,,,,,,,
3.838118896484375,27.795743942260742,1.5709618089364926e-05,14.654333008763388,15050,,,,,,,,,,,,,,
3.875077209472656,25.799043655395508,1.5687980093043386e-05,14.703018500486856,15100,,,,,,,,,,,,,,
3.660084533691406,26.67995834350586,1.5666342096721846e-05,14.751703992210322,15150,,,,,,,,,,,,,,
3.6876580810546873,24.593442916870117,1.5644704100400306e-05,14.800389483933788,15200,,,,,,,,,,,,,,
3.815732421875,27.19154167175293,1.5623066104078763e-05,14.849074975657254,15250,,,,,,,,,,,,,,
3.8121737670898437,26.869367599487305,1.5601428107757224e-05,14.89776046738072,15300,,,,,,,,,,,,,,
3.808492431640625,28.305503845214844,1.557979011143568e-05,14.946445959104187,15350,,,,,,,,,,,,,,
3.8305157470703124,22.826805114746094,1.5558152115114144e-05,14.995131450827653,15400,,,,,,,,,,,,,,
,,,15.0,15405,6.097116947174072,0.07109812515217921,0.1850499147796445,0.2503043584124665,0.047195381248216976,0.05471744958820428,4.7679,861.388,13.633,,,,,
3.545323791503906,25.720844268798828,1.55365141187926e-05,15.04381694255112,15450,,,,,,,,,,,,,,
3.520274353027344,26.19883918762207,1.551487612247106e-05,15.092502434274586,15500,,,,,,,,,,,,,,
3.54651611328125,24.126495361328125,1.5493238126149518e-05,15.141187925998052,15550,,,,,,,,,,,,,,
3.545084228515625,25.700153350830078,1.5471600129827978e-05,15.189873417721518,15600,,,,,,,,,,,,,,
3.5036614990234374,26.050851821899414,1.544996213350644e-05,15.238558909444986,15650,,,,,,,,,,,,,,
3.595880126953125,23.730449676513672,1.54283241371849e-05,15.287244401168453,15700,,,,,,,,,,,,,,
3.441452941894531,26.12837028503418,1.540668614086336e-05,15.335929892891919,15750,,,,,,,,,,,,,,
3.5476614379882814,28.45569610595703,1.5385048144541816e-05,15.384615384615385,15800,,,,,,,,,,,,,,
3.506553955078125,29.330110549926758,1.5363410148220276e-05,15.433300876338851,15850,,,,,,,,,,,,,,
3.557491455078125,29.609439849853516,1.5341772151898736e-05,15.481986368062318,15900,,,,,,,,,,,,,,
3.5381344604492186,21.98922348022461,1.5320134155577197e-05,15.530671859785784,15950,,,,,,,,,,,,,,
3.5426214599609374,25.9683837890625,1.5298496159255653e-05,15.57935735150925,16000,,,,,,,,,,,,,,
3.576268615722656,24.817760467529297,1.5276858162934114e-05,15.628042843232716,16050,,,,,,,,,,,,,,
3.5444781494140627,25.2293758392334,1.5255220166612572e-05,15.676728334956183,16100,,,,,,,,,,,,,,
3.539234924316406,32.86366271972656,1.5233582170291033e-05,15.725413826679649,16150,,,,,,,,,,,,,,
3.4985357666015626,30.830596923828125,1.5211944173969491e-05,15.774099318403115,16200,,,,,,,,,,,,,,
3.5967922973632813,29.4022274017334,1.5190306177647951e-05,15.822784810126583,16250,,,,,,,,,,,,,,
3.5064511108398437,26.660579681396484,1.5168668181326412e-05,15.87147030185005,16300,,,,,,,,,,,,,,
3.5566748046875,24.345399856567383,1.514703018500487e-05,15.920155793573516,16350,,,,,,,,,,,,,,
3.5164389038085937,27.861164093017578,1.512539218868333e-05,15.968841285296982,16400,,,,,,,,,,,,,,
,,,16.0,16432,6.092677593231201,0.0784027270513757,0.19138056975894813,0.25858290723155586,0.057246490907945466,0.06337665622533512,4.789,857.597,13.573,,,,,
3.4432919311523436,26.535390853881836,1.5103754192361787e-05,16.017526777020446,16450,,,,,,,,,,,,,,
3.2079702758789064,27.732912063598633,1.508211619604025e-05,16.066212268743914,16500,,,,,,,,,,,,,,
3.2562380981445314,26.99647331237793,1.5060478199718706e-05,16.114897760467382,16550,,,,,,,,,,,,,,
3.229920654296875,27.031099319458008,1.5038840203397166e-05,16.163583252190847,16600,,,,,,,,,,,,,,
3.2195843505859374,27.116455078125,1.5017202207075625e-05,16.212268743914315,16650,,,,,,,,,,,,,,
3.2785174560546877,25.892744064331055,1.4995564210754085e-05,16.26095423563778,16700,,,,,,,,,,,,,,
3.276911315917969,30.617345809936523,1.4973926214432544e-05,16.309639727361247,16750,,,,,,,,,,,,,,
3.2576254272460936,29.3480224609375,1.4952288218111004e-05,16.358325219084712,16800,,,,,,,,,,,,,,
3.3327536010742187,31.316268920898438,1.4930650221789464e-05,16.40701071080818,16850,,,,,,,,,,,,,,
3.2701461791992186,26.322954177856445,1.4909012225467923e-05,16.455696202531644,16900,,,,,,,,,,,,,,
3.326510009765625,27.61301040649414,1.4887374229146383e-05,16.504381694255112,16950,,,,,,,,,,,,,,
3.33062255859375,32.476287841796875,1.4865736232824841e-05,16.553067185978577,17000,,,,,,,,,,,,,,
3.3111962890625,24.807870864868164,1.4844098236503302e-05,16.601752677702045,17050,,,,,,,,,,,,,,
3.442274475097656,31.752124786376953,1.482246024018176e-05,16.650438169425513,17100,,,,,,,,,,,,,,
3.223177795410156,28.733190536499023,1.480082224386022e-05,16.699123661148978,17150,,,,,,,,,,,,,,
3.2915350341796876,24.08051872253418,1.4779184247538677e-05,16.747809152872446,17200,,,,,,,,,,,,,,
3.2903897094726564,30.14496421813965,1.475754625121714e-05,16.79649464459591,17250,,,,,,,,,,,,,,
3.251795349121094,27.363637924194336,1.47359082548956e-05,16.845180136319378,17300,,,,,,,,,,,,,,
3.214447021484375,24.80599594116211,1.4714270258574056e-05,16.893865628042843,17350,,,,,,,,,,,,,,
3.427572937011719,32.5658073425293,1.4692632262252517e-05,16.94255111976631,17400,,,,,,,,,,,,,,
3.389007263183594,30.565475463867188,1.4670994265930975e-05,16.991236611489775,17450,,,,,,,,,,,,,,
,,,17.0,17459,6.113682746887207,0.08010713416118821,0.197954711468225,0.2702702702702703,0.061211743867797236,0.06719048316794225,4.7645,862.0,13.643,,,,,
3.089452209472656,28.06017303466797,1.4649356269609436e-05,17.039922103213243,17500,,,,,,,,,,,,,,
3.025481872558594,22.637432098388672,1.4627718273287894e-05,17.088607594936708,17550,,,,,,,,,,,,,,
2.976307067871094,29.320093154907227,1.4606080276966354e-05,17.137293086660176,17600,,,,,,,,,,,,,,
2.995036315917969,35.41500473022461,1.4584442280644813e-05,17.18597857838364,17650,,,,,,,,,,,,,,
3.06164794921875,27.16423797607422,1.4562804284323273e-05,17.234664070107108,17700,,,,,,,,,,,,,,
2.988850402832031,28.901641845703125,1.4541166288001732e-05,17.283349561830576,17750,,,,,,,,,,,,,,
3.1369815063476563,30.19510841369629,1.4519528291680192e-05,17.33203505355404,17800,,,,,,,,,,,,,,
3.0996713256835937,28.870698928833008,1.4497890295358652e-05,17.38072054527751,17850,,,,,,,,,,,,,,
3.071391906738281,33.528106689453125,1.447625229903711e-05,17.429406037000973,17900,,,,,,,,,,,,,,
3.0719482421875,26.904226303100586,1.4454614302715571e-05,17.47809152872444,17950,,,,,,,,,,,,,,
3.0184921264648437,28.184566497802734,1.443297630639403e-05,17.526777020447906,18000,,,,,,,,,,,,,,
3.010750427246094,25.86159324645996,1.441133831007249e-05,17.575462512171374,18050,,,,,,,,,,,,,,
3.086847229003906,30.67243194580078,1.4389700313750947e-05,17.624148003894838,18100,,,,,,,,,,,,,,
3.057528076171875,31.303251266479492,1.4368062317429407e-05,17.672833495618306,18150,,,,,,,,,,,,,,
3.1130130004882814,27.682510375976562,1.4346424321107865e-05,17.72151898734177,18200,,,,,,,,,,,,,,
3.0365444946289064,32.17533493041992,1.4324786324786326e-05,17.77020447906524,18250,,,,,,,,,,,,,,
3.1492791748046876,26.58854866027832,1.4303148328464784e-05,17.818889970788703,18300,,,,,,,,,,,,,,
2.9776702880859376,30.849803924560547,1.4281510332143244e-05,17.86757546251217,18350,,,,,,,,,,,,,,
3.24181640625,31.649293899536133,1.4259872335821705e-05,17.91626095423564,18400,,,,,,,,,,,,,,
3.1397100830078126,28.640302658081055,1.4238234339500163e-05,17.964946445959104,18450,,,,,,,,,,,,,,
,,,18.0,18486,6.240823745727539,0.07815924032140248,0.19211102994886778,0.26686145605064526,0.06198440772129418,0.06672670387602585,4.7725,860.556,13.62,,,,,
3.15225341796875,29.88218116760254,1.4216596343178624e-05,18.01363193768257,18500,,,,,,,,,,,,,,
2.865777893066406,31.480592727661133,1.4194958346857082e-05,18.062317429406036,18550,,,,,,,,,,,,,,
2.8540475463867185,29.567331314086914,1.4173320350535542e-05,18.111002921129504,18600,,,,,,,,,,,,,,
2.6771942138671876,32.3145866394043,1.4151682354214001e-05,18.15968841285297,18650,,,,,,,,,,,,,,
2.8762310791015624,31.97089958190918,1.4130044357892461e-05,18.208373904576437,18700,,,,,,,,,,,,,,
2.8220333862304687,29.634239196777344,1.4108406361570918e-05,18.2570593962999,18750,,,,,,,,,,,,,,
2.83383544921875,28.42021369934082,1.408676836524938e-05,18.30574488802337,18800,,,,,,,,,,,,,,
2.864557189941406,30.797901153564453,1.4065130368927837e-05,18.354430379746834,18850,,,,,,,,,,,,,,
2.82517578125,28.966018676757812,1.4043492372606297e-05,18.403115871470302,18900,,,,,,,,,,,,,,
2.84676025390625,28.280420303344727,1.4021854376284757e-05,18.45180136319377,18950,,,,,,,,,,,,,,
2.768621520996094,36.69375991821289,1.4000216379963216e-05,18.500486854917234,19000,,,,,,,,,,,,,,
2.820863037109375,26.39515495300293,1.3978578383641676e-05,18.549172346640702,19050,,,,,,,,,,,,,,
2.830120849609375,36.778099060058594,1.3956940387320135e-05,18.597857838364167,19100,,,,,,,,,,,,,,
2.9621200561523438,29.515220642089844,1.3935302390998595e-05,18.646543330087635,19150,,,,,,,,,,,,,,
2.9550155639648437,24.776832580566406,1.3913664394677053e-05,18.6952288218111,19200,,,,,,,,,,,,,,
2.85823974609375,30.748516082763672,1.3892026398355514e-05,18.743914313534567,19250,,,,,,,,,,,,,,
2.9347357177734374,33.47506332397461,1.3870388402033972e-05,18.792599805258032,19300,,,,,,,,,,,,,,
2.939350891113281,29.95329475402832,1.3848750405712432e-05,18.8412852969815,19350,,,,,,,,,,,,,,
2.91002685546875,32.38948059082031,1.3827112409390893e-05,18.889970788704964,19400,,,,,,,,,,,,,,
3.0137973022460938,32.765838623046875,1.3805474413069351e-05,18.938656280428432,19450,,,,,,,,,,,,,,
2.8775283813476564,30.243000030517578,1.3783836416747812e-05,18.9873417721519,19500,,,,,,,,,,,,,,
,,,19.0,19513,6.3219146728515625,0.08083759435110786,0.20525931336742148,0.2695398100803506,0.060382861848166006,0.06746197824498834,4.7987,855.856,13.545,,,,,
2.57507568359375,26.110563278198242,1.376219842042627e-05,19.036027263875365,19550,,,,,,,,,,,,,,
2.63490966796875,29.650239944458008,1.374056042410473e-05,19.084712755598833,19600,,,,,,,,,,,,,,
2.7300177001953125,30.600299835205078,1.3718922427783187e-05,19.133398247322297,19650,,,,,,,,,,,,,,
2.558435974121094,28.444292068481445,1.3697284431461647e-05,19.182083739045765,19700,,,,,,,,,,,,,,
2.602630310058594,24.208663940429688,1.3675646435140106e-05,19.23076923076923,19750,,,,,,,,,,,,,,
2.6373049926757814,30.79798126220703,1.3654008438818566e-05,19.279454722492698,19800,,,,,,,,,,,,,,
2.7753634643554688,30.685861587524414,1.3632370442497025e-05,19.328140214216162,19850,,,,,,,,,,,,,,
2.6211581420898438,28.854276657104492,1.3610732446175485e-05,19.37682570593963,19900,,,,,,,,,,,,,,
2.7583889770507812,26.43821907043457,1.3589094449853945e-05,19.425511197663095,19950,,,,,,,,,,,,,,
2.743103332519531,28.23208236694336,1.3567456453532404e-05,19.474196689386563,20000,,,,,,,,,,,,,,
2.6146722412109376,28.15103530883789,1.3545818457210864e-05,19.522882181110027,20050,,,,,,,,,,,,,,
2.6789364624023437,29.266267776489258,1.3524180460889323e-05,19.571567672833496,20100,,,,,,,,,,,,,,
2.7134133911132814,27.46487045288086,1.3502542464567783e-05,19.620253164556964,20150,,,,,,,,,,,,,,
2.748019104003906,29.503625869750977,1.3480904468246241e-05,19.668938656280428,20200,,,,,,,,,,,,,,
2.6987762451171875,27.592248916625977,1.3459266471924702e-05,19.717624148003896,20250,,,,,,,,,,,,,,
2.70831787109375,29.61766815185547,1.343762847560316e-05,19.76630963972736,20300,,,,,,,,,,,,,,
2.6886895751953124,29.967166900634766,1.341599047928162e-05,19.81499513145083,20350,,,,,,,,,,,,,,
2.7676336669921877,32.8765754699707,1.3394352482960077e-05,19.863680623174293,20400,,,,,,,,,,,,,,
2.730546875,33.4538688659668,1.3372714486638538e-05,19.91236611489776,20450,,,,,,,,,,,,,,
2.662886657714844,25.76302146911621,1.3351076490317e-05,19.961051606621226,20500,,,,,,,,,,,,,,
,,,20.0,20540,6.418475151062012,0.08254200146092038,0.21134648161675187,0.28195763330898466,0.06298747497673828,0.07017257020552793,4.7814,858.959,13.594,,,,,
2.671688232421875,25.170181274414062,1.3329438493995456e-05,20.009737098344694,20550,,,,,,,,,,,,,,
2.44032958984375,36.11240768432617,1.3307800497673917e-05,20.058422590068158,20600,,,,,,,,,,,,,,
2.495341491699219,32.49604797363281,1.3286162501352375e-05,20.107108081791626,20650,,,,,,,,,,,,,,
2.4671925354003905,27.081966400146484,1.3264524505030835e-05,20.155793573515094,20700,,,,,,,,,,,,,,
2.4499432373046877,27.61589813232422,1.3242886508709294e-05,20.20447906523856,20750,,,,,,,,,,,,,,
2.397552185058594,28.804885864257812,1.3221248512387754e-05,20.253164556962027,20800,,,,,,,,,,,,,,
2.4620314025878907,28.880741119384766,1.3199610516066213e-05,20.30185004868549,20850,,,,,,,,,,,,,,
2.52968994140625,25.114032745361328,1.3177972519744673e-05,20.35053554040896,20900,,,,,,,,,,,,,,
2.4172166442871093,27.47450828552246,1.3156334523423132e-05,20.399221032132424,20950,,,,,,,,,,,,,,
2.4510447692871096,24.871971130371094,1.3134696527101592e-05,20.44790652385589,21000,,,,,,,,,,,,,,
2.4683607482910155,25.145227432250977,1.3113058530780052e-05,20.496592015579356,21050,,,,,,,,,,,,,,
2.4845956420898436,27.365535736083984,1.309142053445851e-05,20.545277507302824,21100,,,,,,,,,,,,,,
2.4363746643066406,27.794200897216797,1.3069782538136971e-05,20.59396299902629,21150,,,,,,,,,,,,,,
2.519817657470703,35.530006408691406,1.3048144541815428e-05,20.642648490749757,21200,,,,,,,,,,,,,,
2.554405059814453,31.126646041870117,1.3026506545493888e-05,20.691333982473225,21250,,,,,,,,,,,,,,
2.516623229980469,28.547107696533203,1.3004868549172347e-05,20.74001947419669,21300,,,,,,,,,,,,,,
2.4947586059570312,30.853939056396484,1.2983230552850807e-05,20.788704965920157,21350,,,,,,,,,,,,,,
2.5919244384765623,34.60954284667969,1.2961592556529265e-05,20.83739045764362,21400,,,,,,,,,,,,,,
2.5610946655273437,30.692569732666016,1.2939954560207726e-05,20.88607594936709,21450,,,,,,,,,,,,,,
2.543132629394531,34.95711898803711,1.2918316563886186e-05,20.934761441090554,21500,,,,,,,,,,,,,,
2.5499031066894533,30.95995330810547,1.2896678567564644e-05,20.983446932814022,21550,,,,,,,,,,,,,,
,,,21.0,21567,6.454010963439941,0.08546384222059898,0.21524226929632334,0.2882882882882883,0.06844617789898887,0.07378288902847453,4.7839,858.508,13.587,,,,,
2.272775115966797,27.46813201904297,1.2875040571243105e-05,21.032132424537487,21600,,,,,,,,,,,,,,
2.2333734130859373,24.936901092529297,1.2853402574921563e-05,21.080817916260955,21650,,,,,,,,,,,,,,
2.2618559265136717,28.366859436035156,1.2831764578600023e-05,21.12950340798442,21700,,,,,,,,,,,,,,
2.345467987060547,30.335018157958984,1.2810126582278482e-05,21.178188899707887,21750,,,,,,,,,,,,,,
2.25895263671875,38.256629943847656,1.2788488585956942e-05,21.226874391431352,21800,,,,,,,,,,,,,,
2.333749237060547,25.12209701538086,1.27668505896354e-05,21.27555988315482,21850,,,,,,,,,,,,,,
2.293044128417969,28.452558517456055,1.2745212593313861e-05,21.324245374878288,21900,,,,,,,,,,,,,,
2.287272491455078,35.456153869628906,1.2723574596992318e-05,21.372930866601752,21950,,,,,,,,,,,,,,
2.4056663513183594,27.61037254333496,1.2701936600670778e-05,21.42161635832522,22000,,,,,,,,,,,,,,
2.329996337890625,30.707542419433594,1.268029860434924e-05,21.470301850048685,22050,,,,,,,,,,,,,,
2.3836439514160155,33.37375259399414,1.2658660608027697e-05,21.518987341772153,22100,,,,,,,,,,,,,,
2.3533952331542967,32.259342193603516,1.2637022611706157e-05,21.567672833495617,22150,,,,,,,,,,,,,,
2.4456002807617185,28.95867919921875,1.2615384615384616e-05,21.616358325219085,22200,,,,,,,,,,,,,,
2.277320556640625,33.120033264160156,1.2593746619063076e-05,21.66504381694255,22250,,,,,,,,,,,,,,
2.4584144592285155,38.6302375793457,1.2572108622741535e-05,21.713729308666018,22300,,,,,,,,,,,,,,
2.2857681274414063,28.17177391052246,1.2550470626419995e-05,21.762414800389482,22350,,,,,,,,,,,,,,
2.4334913635253907,28.358383178710938,1.2528832630098453e-05,21.81110029211295,22400,,,,,,,,,,,,,,
2.362326354980469,31.647918701171875,1.2507194633776914e-05,21.85978578383642,22450,,,,,,,,,,,,,,
2.3917855834960937,25.6845645904541,1.2485556637455372e-05,21.908471275559883,22500,,,,,,,,,,,,,,
2.4172573852539063,29.8568172454834,1.2463918641133832e-05,21.95715676728335,22550,,,,,,,,,,,,,,
,,,22.0,22594,6.5887227058410645,0.08351594838081325,0.215972729486243,0.2904796688580472,0.06565634318892875,0.07278417637781236,4.7908,857.266,13.568,,,,,
2.3709825134277343,25.012895584106445,1.2442280644812293e-05,22.005842259006815,22600,,,,,,,,,,,,,,
2.0476190185546876,29.476665496826172,1.2420642648490751e-05,22.054527750730283,22650,,,,,,,,,,,,,,
2.054323425292969,24.27060317993164,1.2399004652169211e-05,22.103213242453748,22700,,,,,,,,,,,,,,
2.1042518615722656,30.261409759521484,1.2377366655847668e-05,22.151898734177216,22750,,,,,,,,,,,,,,
2.1572750854492186,28.857969284057617,1.2355728659526129e-05,22.20058422590068,22800,,,,,,,,,,,,,,
2.170616455078125,31.947526931762695,1.2334090663204587e-05,22.24926971762415,22850,,,,,,,,,,,,,,
2.2572872924804686,31.854785919189453,1.2312452666883047e-05,22.297955209347613,22900,,,,,,,,,,,,,,
2.13573974609375,31.027685165405273,1.2290814670561506e-05,22.34664070107108,22950,,,,,,,,,,,,,,
2.144476318359375,31.906490325927734,1.2269176674239966e-05,22.395326192794546,23000,,,,,,,,,,,,,,
2.054827117919922,28.18937873840332,1.2247538677918425e-05,22.444011684518014,23050,,,,,,,,,,,,,,
2.1996942138671876,36.27814483642578,1.2225900681596885e-05,22.49269717624148,23100,,,,,,,,,,,,,,
2.23504638671875,35.108882904052734,1.2204262685275345e-05,22.541382667964946,23150,,,,,,,,,,,,,,
2.1165997314453127,32.747718811035156,1.2182624688953804e-05,22.590068159688414,23200,,,,,,,,,,,,,,
2.210567626953125,26.70178985595703,1.2160986692632264e-05,22.63875365141188,23250,,,,,,,,,,,,,,
2.1484010314941404,29.39516258239746,1.2139348696310723e-05,22.687439143135347,23300,,,,,,,,,,,,,,
2.2330899047851562,35.33480453491211,1.2117710699989183e-05,22.73612463485881,23350,,,,,,,,,,,,,,
2.3114503479003905,32.06352233886719,1.2096072703667641e-05,22.78481012658228,23400,,,,,,,,,,,,,,
2.1704890441894533,34.72513961791992,1.2074434707346102e-05,22.833495618305744,23450,,,,,,,,,,,,,,
2.2531971740722656,34.574424743652344,1.2052796711024559e-05,22.88218111002921,23500,,,,,,,,,,,,,,
2.4210784912109373,29.551767349243164,1.2031158714703019e-05,22.930866601752676,23550,,,,,,,,,,,,,,
2.2794921875,28.656673431396484,1.200952071838148e-05,22.979552093476144,23600,,,,,,,,,,,,,,
,,,23.0,23621,6.6773905754089355,0.08254200146092038,0.22254687119551986,0.2990017044071098,0.06613977959684617,0.07213628603740885,4.7962,856.299,13.552,,,,,
2.2161318969726564,32.30218505859375,1.1987882722059938e-05,23.028237585199612,23650,,,,,,,,,,,,,,
1.9157855224609375,35.811622619628906,1.1966244725738398e-05,23.076923076923077,23700,,,,,,,,,,,,,,
1.9698721313476562,28.390867233276367,1.1944606729416856e-05,23.125608568646545,23750,,,,,,,,,,,,,,
1.9560774230957032,24.46646499633789,1.1922968733095317e-05,23.17429406037001,23800,,,,,,,,,,,,,,
1.9577456665039064,25.55483627319336,1.1901330736773775e-05,23.222979552093477,23850,,,,,,,,,,,,,,
1.9959825134277345,28.199369430541992,1.1879692740452235e-05,23.27166504381694,23900,,,,,,,,,,,,,,
2.0490908813476563,29.081968307495117,1.1858054744130694e-05,23.32035053554041,23950,,,,,,,,,,,,,,
1.9999057006835939,32.863014221191406,1.1836416747809154e-05,23.369036027263874,24000,,,,,,,,,,,,,,
1.9439944458007812,32.25637435913086,1.1814778751487613e-05,23.417721518987342,24050,,,,,,,,,,,,,,
2.1186016845703124,34.03677749633789,1.1793140755166073e-05,23.466407010710807,24100,,,,,,,,,,,,,,
2.0390498352050783,30.97650909423828,1.1771502758844533e-05,23.515092502434275,24150,,,,,,,,,,,,,,
2.005065460205078,26.939926147460938,1.1749864762522992e-05,23.56377799415774,24200,,,,,,,,,,,,,,
2.189686737060547,34.07568359375,1.1728226766201452e-05,23.612463485881207,24250,,,,,,,,,,,,,,
2.093973846435547,32.1992301940918,1.1706588769879909e-05,23.661148977604675,24300,,,,,,,,,,,,,,
2.204961242675781,34.089454650878906,1.1684950773558371e-05,23.70983446932814,24350,,,,,,,,,,,,,,
2.118177642822266,28.074115753173828,1.1663312777236828e-05,23.758519961051608,24400,,,,,,,,,,,,,,
2.090435791015625,27.164627075195312,1.1641674780915288e-05,23.807205452775072,24450,,,,,,,,,,,,,,
2.0797215270996094,32.531028747558594,1.1620036784593747e-05,23.85589094449854,24500,,,,,,,,,,,,,,
2.17774658203125,28.241336822509766,1.1598398788272207e-05,23.904576436222005,24550,,,,,,,,,,,,,,
2.2192288208007813,28.89764404296875,1.1576760791950665e-05,23.953261927945473,24600,,,,,,,,,,,,,,
,,,24.0,24648,6.812285900115967,0.08497686876065254,0.22498173849525202,0.2885317750182615,0.06931348160231253,0.07661162999264387,4.7879,857.784,13.576,,,,,
2.1133050537109375,30.223608016967773,1.1555122795629126e-05,24.001947419668937,24650,,,,,,,,,,,,,,
1.9042599487304688,33.831687927246094,1.1533484799307586e-05,24.050632911392405,24700,,,,,,,,,,,,,,
1.878193359375,33.10419464111328,1.1511846802986044e-05,24.09931840311587,24750,,,,,,,,,,,,,,
1.965313720703125,34.394283294677734,1.1490208806664505e-05,24.148003894839338,24800,,,,,,,,,,,,,,
1.9041152954101563,30.161588668823242,1.1468570810342963e-05,24.196689386562806,24850,,,,,,,,,,,,,,
1.8297386169433594,27.715377807617188,1.1446932814021423e-05,24.24537487828627,24900,,,,,,,,,,,,,,
1.83067626953125,28.684152603149414,1.1425294817699882e-05,24.29406037000974,24950,,,,,,,,,,,,,,
1.9104719543457032,25.91986083984375,1.1403656821378342e-05,24.342745861733203,25000,,,,,,,,,,,,,,
1.9636956787109374,35.542728424072266,1.1382018825056799e-05,24.39143135345667,25050,,,,,,,,,,,,,,
1.9704116821289062,32.21018981933594,1.136038082873526e-05,24.440116845180135,25100,,,,,,,,,,,,,,
1.9106365966796874,32.12936019897461,1.1338742832413718e-05,24.488802336903603,25150,,,,,,,,,,,,,,
2.0719265747070312,32.29201126098633,1.1317104836092178e-05,24.537487828627068,25200,,,,,,,,,,,,,,
2.007608184814453,28.705799102783203,1.1295466839770638e-05,24.586173320350536,25250,,,,,,,,,,,,,,
1.9363185119628907,27.361770629882812,1.1273828843449097e-05,24.634858812074,25300,,,,,,,,,,,,,,
1.9039495849609376,24.206024169921875,1.1252190847127557e-05,24.68354430379747,25350,,,,,,,,,,,,,,
1.9932777404785156,34.11442565917969,1.1230552850806016e-05,24.732229795520936,25400,,,,,,,,,,,,,,
1.885777130126953,26.67508316040039,1.1208914854484476e-05,24.7809152872444,25450,,,,,,,,,,,,,,
1.96123779296875,35.406768798828125,1.1187276858162935e-05,24.82960077896787,25500,,,,,,,,,,,,,,
1.991127471923828,35.88002014160156,1.1165638861841395e-05,24.878286270691333,25550,,,,,,,,,,,,,,
2.0306880187988283,32.09008026123047,1.1144000865519853e-05,24.9269717624148,25600,,,,,,,,,,,,,,
2.026359405517578,34.53583908081055,1.1122362869198314e-05,24.975657254138266,25650,,,,,,,,,,,,,,
,,,25.0,25675,6.949759483337402,0.08692476260043827,0.22668614560506453,0.3002191380569759,0.07119605720167928,0.07634319469835237,4.8296,850.387,13.459,,,,,
1.8306869506835937,26.71356773376465,1.1100724872876774e-05,25.024342745861734,25700,,,,,,,,,,,,,,
1.733048858642578,30.17230987548828,1.1079086876555232e-05,25.0730282375852,25750,,,,,,,,,,,,,,
1.7719667053222656,31.481536865234375,1.1057448880233693e-05,25.121713729308667,25800,,,,,,,,,,,,,,
1.6436430358886718,33.43144989013672,1.103581088391215e-05,25.17039922103213,25850,,,,,,,,,,,,,,
1.69490966796875,24.966590881347656,1.1014172887590611e-05,25.2190847127556,25900,,,,,,,,,,,,,,
1.8670816040039062,33.20769500732422,1.0992534891269068e-05,25.267770204479064,25950,,,,,,,,,,,,,,
1.8475784301757812,29.90206527709961,1.0970896894947529e-05,25.31645569620253,26000,,,,,,,,,,,,,,
1.8595591735839845,30.297409057617188,1.0949258898625987e-05,25.365141187926,26050,,,,,,,,,,,,,,
1.8634677124023438,33.75444030761719,1.0927620902304447e-05,25.413826679649464,26100,,,,,,,,,,,,,,
1.9007708740234375,27.12567901611328,1.0905982905982906e-05,25.462512171372932,26150,,,,,,,,,,,,,,
1.8183320617675782,32.52200698852539,1.0884344909661366e-05,25.511197663096397,26200,,,,,,,,,,,,,,
1.7157679748535157,28.959697723388672,1.0862706913339826e-05,25.559883154819865,26250,,,,,,,,,,,,,,
1.9598379516601563,34.97347640991211,1.0841068917018285e-05,25.60856864654333,26300,,,,,,,,,,,,,,
1.8049514770507813,31.79286003112793,1.0819430920696745e-05,25.657254138266797,26350,,,,,,,,,,,,,,
1.8907533264160157,34.085243225097656,1.0797792924375204e-05,25.70593962999026,26400,,,,,,,,,,,,,,
1.8811871337890624,30.078683853149414,1.0776154928053664e-05,25.75462512171373,26450,,,,,,,,,,,,,,
2.003460235595703,31.892709732055664,1.0754516931732123e-05,25.803310613437194,26500,,,,,,,,,,,,,,
1.8804348754882811,31.18882179260254,1.0732878935410583e-05,25.851996105160662,26550,,,,,,,,,,,,,,
2.064838104248047,42.33707809448242,1.071124093908904e-05,25.90068159688413,26600,,,,,,,,,,,,,,
1.9018910217285157,34.435569763183594,1.06896029427675e-05,25.949367088607595,26650,,,,,,,,,,,,,,
1.9111866760253906,39.84189224243164,1.0667964946445958e-05,25.998052580331063,26700,,,,,,,,,,,,,,
,,,26.0,26702,7.015420436859131,0.08570732895057219,0.22400779157535913,0.30046262478694913,0.07309546550818176,0.07749432386775945,4.8099,853.867,13.514,,,,,
1.656910400390625,21.60953712463379,1.0646326950124419e-05,26.046738072054527,26750,,,,,,,,,,,,,,
1.6510826110839845,32.888919830322266,1.0624688953802879e-05,26.095423563777995,26800,,,,,,,,,,,,,,
1.6852154541015625,34.8347053527832,1.0603050957481338e-05,26.14410905550146,26850,,,,,,,,,,,,,,
1.6545394897460937,26.49013900756836,1.0581412961159798e-05,26.192794547224928,26900,,,,,,,,,,,,,,
1.6807794189453125,28.464675903320312,1.0559774964838256e-05,26.241480038948392,26950,,,,,,,,,,,,,,
1.7245863342285157,29.753889083862305,1.0538136968516717e-05,26.29016553067186,27000,,,,,,,,,,,,,,
1.7618344116210938,26.28085708618164,1.0516498972195175e-05,26.338851022395325,27050,,,,,,,,,,,,,,
1.5999179077148438,29.393617630004883,1.0494860975873635e-05,26.387536514118793,27100,,,,,,,,,,,,,,
1.6552565002441406,33.662078857421875,1.0473222979552094e-05,26.43622200584226,27150,,,,,,,,,,,,,,
1.6465509033203125,29.263916015625,1.0451584983230554e-05,26.484907497565725,27200,,,,,,,,,,,,,,
1.8038226318359376,32.96940231323242,1.0429946986909013e-05,26.533592989289193,27250,,,,,,,,,,,,,,
1.815290985107422,36.90232467651367,1.0408308990587473e-05,26.582278481012658,27300,,,,,,,,,,,,,,
1.6976939392089845,27.51381492614746,1.0386670994265933e-05,26.630963972736126,27350,,,,,,,,,,,,,,
1.7441065979003907,33.87705993652344,1.036503299794439e-05,26.67964946445959,27400,,,,,,,,,,,,,,
1.838220672607422,34.80934143066406,1.0343395001622852e-05,26.72833495618306,27450,,,,,,,,,,,,,,
1.8554476928710937,27.362905502319336,1.0321757005301309e-05,26.777020447906523,27500,,,,,,,,,,,,,,
1.74985595703125,37.6290168762207,1.0300119008979769e-05,26.82570593962999,27550,,,,,,,,,,,,,,
1.7788706970214845,34.51882553100586,1.0278481012658228e-05,26.874391431353455,27600,,,,,,,,,,,,,,
1.8607308959960938,28.883068084716797,1.0256843016336688e-05,26.923076923076923,27650,,,,,,,,,,,,,,
1.8667169189453126,30.05172348022461,1.0235205020015146e-05,26.971762414800388,27700,,,,,,,,,,,,,,
,,,27.0,27729,7.155590057373047,0.08254200146092038,0.22717311906501095,0.30411492573654736,0.06948670698970699,0.07461009758899023,4.7893,857.539,13.572,,,,,
1.7737322998046876,30.882781982421875,1.0213567023693607e-05,27.020447906523856,27750,,,,,,,,,,,,,,
1.5117367553710936,27.31935691833496,1.0191929027372067e-05,27.069133398247324,27800,,,,,,,,,,,,,,
1.6099024963378907,29.467039108276367,1.0170291031050526e-05,27.11781888997079,27850,,,,,,,,,,,,,,
1.5777308654785156,33.150543212890625,1.0148653034728986e-05,27.166504381694256,27900,,,,,,,,,,,,,,
1.6193821716308594,35.00063705444336,1.0127015038407444e-05,27.21518987341772,27950,,,,,,,,,,,,,,
1.5528656005859376,30.60922622680664,1.0105377042085905e-05,27.26387536514119,28000,,,,,,,,,,,,,,
1.6112496948242188,22.229829788208008,1.0083739045764363e-05,27.312560856864653,28050,,,,,,,,,,,,,,
1.5856784057617188,39.05567169189453,1.0062101049442823e-05,27.36124634858812,28100,,,,,,,,,,,,,,
1.6250506591796876,30.77763557434082,1.004046305312128e-05,27.409931840311586,28150,,,,,,,,,,,,,,
1.6026513671875,32.76844024658203,1.0018825056799742e-05,27.458617332035054,28200,,,,,,,,,,,,,,
1.5345556640625,33.83992385864258,9.9971870604782e-06,27.50730282375852,28250,,,,,,,,,,,,,,
1.6780496215820313,30.076162338256836,9.97554906415666e-06,27.555988315481986,28300,,,,,,,,,,,,,,
1.7628651428222657,32.416725158691406,9.95391106783512e-06,27.604673807205454,28350,,,,,,,,,,,,,,
1.7159222412109374,25.7679500579834,9.932273071513578e-06,27.65335929892892,28400,,,,,,,,,,,,,,
1.729880828857422,20.885093688964844,9.910635075192038e-06,27.702044790652387,28450,,,,,,,,,,,,,,
1.7582778930664062,39.06914138793945,9.888997078870497e-06,27.75073028237585,28500,,,,,,,,,,,,,,
1.77586181640625,30.27885627746582,9.867359082548955e-06,27.79941577409932,28550,,,,,,,,,,,,,,
1.732464599609375,27.95780372619629,9.845721086227417e-06,27.848101265822784,28600,,,,,,,,,,,,,,
1.8278822326660156,31.770122528076172,9.824083089905876e-06,27.896786757546252,28650,,,,,,,,,,,,,,
1.7624468994140625,35.2764892578125,9.802445093584335e-06,27.945472249269717,28700,,,,,,,,,,,,,,
1.6431304931640625,28.116064071655273,9.780807097262795e-06,27.994157740993185,28750,,,,,,,,,,,,,,
,,,28.0,28756,7.265240669250488,0.08497686876065254,0.22717311906501095,0.29924519113708303,0.0704924512342099,0.07652368821151861,4.7978,856.025,13.548,,,,,
1.531571807861328,36.50051498413086,9.759169100941253e-06,28.04284323271665,28800,,,,,,,,,,,,,,
1.4703968811035155,35.822628021240234,9.737531104619714e-06,28.091528724440117,28850,,,,,,,,,,,,,,
1.4436444091796874,26.834793090820312,9.715893108298172e-06,28.14021421616358,28900,,,,,,,,,,,,,,
1.4501397705078125,29.12851905822754,9.69425511197663e-06,28.18889970788705,28950,,,,,,,,,,,,,,
1.442549285888672,26.557109832763672,9.672617115655091e-06,28.237585199610518,29000,,,,,,,,,,,,,,
1.3936788940429687,31.678016662597656,9.65097911933355e-06,28.286270691333982,29050,,,,,,,,,,,,,,
1.616326141357422,29.291379928588867,9.62934112301201e-06,28.33495618305745,29100,,,,,,,,,,,,,,
1.5627476501464843,32.298362731933594,9.60770312669047e-06,28.383641674780915,29150,,,,,,,,,,,,,,
1.609971466064453,25.788494110107422,9.586065130368929e-06,28.432327166504383,29200,,,,,,,,,,,,,,
1.662227325439453,26.435091018676758,9.564427134047389e-06,28.481012658227847,29250,,,,,,,,,,,,,,
1.561632843017578,30.39665985107422,9.542789137725847e-06,28.529698149951315,29300,,,,,,,,,,,,,,
1.6121714782714844,34.701725006103516,9.521151141404308e-06,28.57838364167478,29350,,,,,,,,,,,,,,
1.60579345703125,28.673561096191406,9.499513145082766e-06,28.627069133398248,29400,,,,,,,,,,,,,,
1.5718276977539063,29.444456100463867,9.477875148761225e-06,28.675754625121712,29450,,,,,,,,,,,,,,
1.710732421875,35.56309127807617,9.456237152439685e-06,28.72444011684518,29500,,,,,,,,,,,,,,
1.6388720703125,25.823698043823242,9.434599156118143e-06,28.773125608568648,29550,,,,,,,,,,,,,,
1.6455778503417968,28.918054580688477,9.412961159796604e-06,28.821811100292113,29600,,,,,,,,,,,,,,
1.662269287109375,30.446470260620117,9.391323163475064e-06,28.87049659201558,29650,,,,,,,,,,,,,,
1.6587626647949218,29.42093849182129,9.369685167153523e-06,28.919182083739045,29700,,,,,,,,,,,,,,
1.7093002319335937,31.232831954956055,9.348047170831983e-06,28.967867575462513,29750,,,,,,,,,,,,,,
,,,29.0,29783,7.388302326202393,0.08619430241051863,0.23131239347455565,0.30289749208668126,0.07183265030996673,0.07848279440109114,4.7894,857.526,13.572,,,,,
1.5648965454101562,30.088714599609375,9.326409174510441e-06,29.016553067185978,29800,,,,,,,,,,,,,,
1.4131932067871094,26.536970138549805,9.3047711781889e-06,29.065238558909446,29850,,,,,,,,,,,,,,
1.3775820922851563,26.032794952392578,9.28313318186736e-06,29.11392405063291,29900,,,,,,,,,,,,,,
1.4256317138671875,24.96050262451172,9.261495185545819e-06,29.16260954235638,29950,,,,,,,,,,,,,,
1.4394602966308594,36.72193145751953,9.239857189224279e-06,29.211295034079843,30000,,,,,,,,,,,,,,
1.474678497314453,31.865785598754883,9.218219192902737e-06,29.25998052580331,30050,,,,,,,,,,,,,,
1.5378233337402343,20.98366928100586,9.196581196581196e-06,29.308666017526775,30100,,,,,,,,,,,,,,
1.4784815979003907,30.439321517944336,9.174943200259658e-06,29.357351509250243,30150,,,,,,,,,,,,,,
1.4887937927246093,33.26401901245117,9.153305203938117e-06,29.40603700097371,30200,,,,,,,,,,,,,,
1.5132643127441405,34.453880310058594,9.131667207616575e-06,29.454722492697176,30250,,,,,,,,,,,,,,
1.5061453247070313,38.02518844604492,9.110029211295035e-06,29.503407984420644,30300,,,,,,,,,,,,,,
1.5208131408691405,28.87131690979004,9.088391214973494e-06,29.55209347614411,30350,,,,,,,,,,,,,,
1.5241891479492187,24.74462127685547,9.066753218651954e-06,29.600778967867576,30400,,,,,,,,,,,,,,
1.54916015625,33.174869537353516,9.045115222330413e-06,29.64946445959104,30450,,,,,,,,,,,,,,
1.4692355346679689,28.745115280151367,9.023477226008873e-06,29.69814995131451,30500,,,,,,,,,,,,,,
1.561385040283203,27.779272079467773,9.001839229687331e-06,29.746835443037973,30550,,,,,,,,,,,,,,
1.6230880737304687,33.886192321777344,8.98020123336579e-06,29.79552093476144,30600,,,,,,,,,,,,,,
1.613686065673828,29.857206344604492,8.95856323704425e-06,29.844206426484906,30650,,,,,,,,,,,,,,
1.5984323120117188,28.719907760620117,8.93692524072271e-06,29.892891918208374,30700,,,,,,,,,,,,,,
1.5779524230957032,35.59688949584961,8.915287244401169e-06,29.941577409931842,30750,,,,,,,,,,,,,,
1.6196046447753907,34.53099060058594,8.89364924807963e-06,29.990262901655306,30800,,,,,,,,,,,,,,
,,,30.0,30810,7.369770526885986,0.08522035549062576,0.23496469442415388,0.30387143900657415,0.07309408822938632,0.07729725786352253,4.7975,856.077,13.549,,,,,
1.3963809204101563,30.16791534423828,8.872011251758088e-06,30.038948393378774,30850,,,,,,,,,,,,,,
1.2955177307128907,27.156871795654297,8.850373255436548e-06,30.08763388510224,30900,,,,,,,,,,,,,,
1.4415550231933594,27.787818908691406,8.828735259115007e-06,30.136319376825707,30950,,,,,,,,,,,,,,
1.3760685729980469,33.30210876464844,8.807097262793465e-06,30.18500486854917,31000,,,,,,,,,,,,,,
1.3700814819335938,31.440950393676758,8.785459266471926e-06,30.23369036027264,31050,,,,,,,,,,,,,,
1.452084503173828,38.29948806762695,8.763821270150384e-06,30.282375851996104,31100,,,,,,,,,,,,,,
1.4305804443359376,37.79546356201172,8.742183273828844e-06,30.331061343719572,31150,,,,,,,,,,,,,,
1.508863983154297,37.17709732055664,8.720545277507305e-06,30.379746835443036,31200,,,,,,,,,,,,,,
1.4294143676757813,27.202425003051758,8.698907281185763e-06,30.428432327166504,31250,,,,,,,,,,,,,,
1.488822479248047,28.66988182067871,8.677269284864223e-06,30.477117818889973,31300,,,,,,,,,,,,,,
1.4685655212402344,20.646615982055664,8.655631288542682e-06,30.525803310613437,31350,,,,,,,,,,,,,,
1.4171697998046875,29.821422576904297,8.63399329222114e-06,30.574488802336905,31400,,,,,,,,,,,,,,
1.397974090576172,33.510154724121094,8.6123552958996e-06,30.62317429406037,31450,,,,,,,,,,,,,,
1.481369171142578,29.332063674926758,8.59071729957806e-06,30.671859785783838,31500,,,,,,,,,,,,,,
1.4772348022460937,26.95612907409668,8.56907930325652e-06,30.720545277507302,31550,,,,,,,,,,,,,,
1.5135215759277343,28.754627227783203,8.547441306934978e-06,30.76923076923077,31600,,,,,,,,,,,,,,
1.5128744506835938,36.790828704833984,8.525803310613437e-06,30.817916260954235,31650,,,,,,,,,,,,,,
1.4011904907226562,33.1408805847168,8.504165314291897e-06,30.866601752677703,31700,,,,,,,,,,,,,,
1.497432861328125,36.58556365966797,8.482527317970357e-06,30.915287244401167,31750,,,,,,,,,,,,,,
1.498235321044922,35.288455963134766,8.460889321648816e-06,30.963972736124635,31800,,,,,,,,,,,,,,
,,,31.0,31837,7.575846195220947,0.08692476260043827,0.23447772096420746,0.304845385926467,0.07417404044387192,0.07823097013501588,4.8107,853.724,13.512,,,,,
1.4566946411132813,22.585662841796875,8.439251325327276e-06,31.0126582278481,31850,,,,,,,,,,,,,,
1.3101895141601563,31.88514518737793,8.417613329005734e-06,31.061343719571568,31900,,,,,,,,,,,,,,
1.2742542266845702,34.62839126586914,8.395975332684195e-06,31.110029211295036,31950,,,,,,,,,,,,,,
1.35032958984375,26.23480224609375,8.374337336362653e-06,31.1587147030185,32000,,,,,,,,,,,,,,
1.3688665771484374,30.682756423950195,8.352699340041114e-06,31.207400194741968,32050,,,,,,,,,,,,,,
1.256290512084961,26.57342529296875,8.331061343719572e-06,31.256085686465433,32100,,,,,,,,,,,,,,
1.4234516906738282,29.511943817138672,8.30942334739803e-06,31.3047711781889,32150,,,,,,,,,,,,,,
1.4152423095703126,23.32964324951172,8.287785351076491e-06,31.353456669912365,32200,,,,,,,,,,,,,,
1.3303688049316407,33.34452438354492,8.266147354754951e-06,31.402142161635833,32250,,,,,,,,,,,,,,
1.337082061767578,29.005720138549805,8.24450935843341e-06,31.450827653359298,32300,,,,,,,,,,,,,,
1.411686248779297,32.39738845825195,8.22287136211187e-06,31.499513145082766,32350,,,,,,,,,,,,,,
1.4596549987792968,30.711875915527344,8.201233365790328e-06,31.54819863680623,32400,,,,,,,,,,,,,,
1.3126739501953124,21.10157585144043,8.179595369468789e-06,31.596884128529698,32450,,,,,,,,,,,,,,
1.4650328063964844,26.709617614746094,8.157957373147247e-06,31.645569620253166,32500,,,,,,,,,,,,,,
1.4311103820800781,39.38283157348633,8.136319376825706e-06,31.69425511197663,32550,,,,,,,,,,,,,,
1.5146884155273437,27.793209075927734,8.114681380504166e-06,31.7429406037001,32600,,,,,,,,,,,,,,
1.4019972229003905,30.292329788208008,8.093043384182625e-06,31.791626095423563,32650,,,,,,,,,,,,,,
1.4421719360351561,31.98788070678711,8.071405387861085e-06,31.84031158714703,32700,,,,,,,,,,,,,,
1.4644085693359374,34.43406677246094,8.049767391539543e-06,31.888997078870496,32750,,,,,,,,,,,,,,
1.4687081909179687,25.676624298095703,8.028129395218004e-06,31.937682570593964,32800,,,,,,,,,,,,,,
1.4546208190917969,28.387414932250977,8.006491398896464e-06,31.98636806231743,32850,,,,,,,,,,,,,,
,,,32.0,32864,7.620441436767578,0.08473338203067933,0.22863403944485025,0.30338446554662774,0.07323031957999666,0.07745927978195849,4.8042,854.878,13.53,,,,,
1.2787191009521484,26.608312606811523,7.984853402574922e-06,32.03505355404089,32900,,,,,,,,,,,,,,
1.273415756225586,37.19626998901367,7.963215406253381e-06,32.08373904576436,32950,,,,,,,,,,,,,,
1.2256986236572265,24.131668090820312,7.941577409931841e-06,32.13242453748783,33000,,,,,,,,,,,,,,
1.2855833435058595,21.58902359008789,7.9199394136103e-06,32.1811100292113,33050,,,,,,,,,,,,,,
1.269166488647461,27.479585647583008,7.89830141728876e-06,32.229795520934765,33100,,,,,,,,,,,,,,
1.35454833984375,32.31648254394531,7.876663420967219e-06,32.278481012658226,33150,,,,,,,,,,,,,,
1.3204611206054688,23.733722686767578,7.855025424645679e-06,32.327166504381694,33200,,,,,,,,,,,,,,
1.3001025390625,37.220096588134766,7.833387428324137e-06,32.37585199610516,33250,,,,,,,,,,,,,,
1.3226278686523438,28.46263313293457,7.811749432002598e-06,32.42453748782863,33300,,,,,,,,,,,,,,
1.342850799560547,32.52701950073242,7.790111435681056e-06,32.47322297955209,33350,,,,,,,,,,,,,,
1.3872268676757813,31.99894142150879,7.768473439359516e-06,32.52190847127556,33400,,,,,,,,,,,,,,
1.4659559631347656,29.293458938598633,7.746835443037975e-06,32.57059396299903,33450,,,,,,,,,,,,,,
1.2612901306152344,29.541963577270508,7.725197446716435e-06,32.619279454722495,33500,,,,,,,,,,,,,,
1.4025398254394532,29.518327713012695,7.703559450394894e-06,32.667964946445956,33550,,,,,,,,,,,,,,
1.4061431884765625,32.40294647216797,7.681921454073354e-06,32.716650438169424,33600,,,,,,,,,,,,,,
1.3619789123535155,28.601028442382812,7.660283457751813e-06,32.76533592989289,33650,,,,,,,,,,,,,,
1.4151327514648437,29.223800659179688,7.638645461430271e-06,32.81402142161636,33700,,,,,,,,,,,,,,
1.3563253784179687,35.039920806884766,7.6170074651087315e-06,32.86270691333983,33750,,,,,,,,,,,,,,
1.360852508544922,32.43927001953125,7.59536946878719e-06,32.91139240506329,33800,,,,,,,,,,,,,,
1.3931617736816406,39.7885856628418,7.573731472465651e-06,32.96007789678676,33850,,,,,,,,,,,,,,
,,,33.0,33891,7.671591758728027,0.08302897492086682,0.23739956172388604,0.3075237399561724,0.07303138928078051,0.0761169777795894,4.8113,853.613,13.51,,,,,
1.4506256103515625,34.897193908691406,7.55209347614411e-06,33.008763388510225,33900,,,,,,,,,,,,,,
1.24459716796875,33.10759735107422,7.530455479822569e-06,33.05744888023369,33950,,,,,,,,,,,,,,
1.2656851959228517,30.957612991333008,7.5088174835010285e-06,33.106134371957154,34000,,,,,,,,,,,,,,
1.2205227661132811,23.50496482849121,7.487179487179488e-06,33.15481986368062,34050,,,,,,,,,,,,,,
1.2102345275878905,37.59313201904297,7.465541490857947e-06,33.20350535540409,34100,,,,,,,,,,,,,,
1.2429913330078124,27.038223266601562,7.443903494536407e-06,33.25219084712756,34150,,,,,,,,,,,,,,
1.2715231323242187,30.291208267211914,7.422265498214865e-06,33.30087633885102,34200,,,,,,,,,,,,,,
1.2183853149414063,30.57170295715332,7.400627501893325e-06,33.34956183057449,34250,,,,,,,,,,,,,,
1.2613206481933594,30.126604080200195,7.378989505571784e-06,33.398247322297955,34300,,,,,,,,,,,,,,
1.2748641204833984,31.119993209838867,7.357351509250244e-06,33.44693281402142,34350,,,,,,,,,,,,,,
1.2974249267578124,27.966920852661133,7.335713512928704e-06,33.49561830574489,34400,,,,,,,,,,,,,,
1.2027384948730468,27.2027530670166,7.314075516607163e-06,33.54430379746835,34450,,,,,,,,,,,,,,
1.4090843200683594,28.74030303955078,7.2924375202856225e-06,33.59298928919182,34500,,,,,,,,,,,,,,
1.2999110412597656,36.91110610961914,7.270799523964082e-06,33.64167478091529,34550,,,,,,,,,,,,,,
1.3210833740234376,31.0106201171875,7.249161527642541e-06,33.690360272638756,34600,,,,,,,,,,,,,,
1.3744088745117187,30.23694610595703,7.227523531321e-06,33.73904576436222,34650,,,,,,,,,,,,,,
1.2866363525390625,31.206523895263672,7.205885534999459e-06,33.787731256085685,34700,,,,,,,,,,,,,,
1.28677978515625,31.483570098876953,7.184247538677919e-06,33.83641674780915,34750,,,,,,,,,,,,,,
1.370376434326172,35.67491149902344,7.162609542356378e-06,33.88510223953262,34800,,,,,,,,,,,,,,
1.4131655883789063,33.7107048034668,7.1409715460348374e-06,33.93378773125609,34850,,,,,,,,,,,,,,
1.412041473388672,33.62936782836914,7.119333549713298e-06,33.98247322297955,34900,,,,,,,,,,,,,,
,,,34.0,34918,7.802230358123779,0.08692476260043827,0.23204285366447527,0.3094716337959581,0.07390811235801686,0.07869842336732771,4.7855,858.217,13.583,,,,,
1.1765689086914062,34.62782287597656,7.097695553391757e-06,34.03115871470302,34950,,,,,,,,,,,,,,
1.179617691040039,24.574548721313477,7.0760575570702165e-06,34.079844206426486,35000,,,,,,,,,,,,,,
1.2124542236328124,26.073511123657227,7.054419560748675e-06,34.128529698149954,35050,,,,,,,,,,,,,,
1.1498692321777344,33.8902587890625,7.0327815644271344e-06,34.177215189873415,35100,,,,,,,,,,,,,,
1.264225845336914,30.18750762939453,7.011143568105594e-06,34.22590068159688,35150,,,,,,,,,,,,,,
1.169113540649414,20.315799713134766,6.989505571784053e-06,34.27458617332035,35200,,,,,,,,,,,,,,
1.1588182830810547,31.94020652770996,6.967867575462513e-06,34.32327166504382,35250,,,,,,,,,,,,,,
1.2458035278320312,27.96627426147461,6.946229579140972e-06,34.37195715676728,35300,,,,,,,,,,,,,,
1.2328752899169921,25.429244995117188,6.924591582819431e-06,34.42064264849075,35350,,,,,,,,,,,,,,
1.249045181274414,26.76341438293457,6.902953586497892e-06,34.469328140214216,35400,,,,,,,,,,,,,,
1.3130934143066406,40.41603469848633,6.88131559017635e-06,34.518013631937684,35450,,,,,,,,,,,,,,
1.3008230590820313,33.248233795166016,6.85967759385481e-06,34.56669912366115,35500,,,,,,,,,,,,,,
1.2861917114257813,27.705690383911133,6.838039597533269e-06,34.61538461538461,35550,,,,,,,,,,,,,,
1.243616943359375,35.36189651489258,6.8164016012117284e-06,34.66407010710808,35600,,,,,,,,,,,,,,
1.2171766662597656,29.669166564941406,6.794763604890188e-06,34.71275559883155,35650,,,,,,,,,,,,,,
1.2573726654052735,26.35712432861328,6.773125608568647e-06,34.76144109055502,35700,,,,,,,,,,,,,,
1.308516845703125,29.568071365356445,6.751487612247107e-06,34.81012658227848,35750,,,,,,,,,,,,,,
1.3440150451660156,24.994653701782227,6.729849615925565e-06,34.858812074001946,35800,,,,,,,,,,,,,,
1.3092263793945313,32.03539276123047,6.708211619604025e-06,34.907497565725414,35850,,,,,,,,,,,,,,
1.2713006591796876,25.266712188720703,6.686573623282484e-06,34.95618305744888,35900,,,,,,,,,,,,,,
,,,35.0,35945,7.8578901290893555,0.08692476260043827,0.23545166788410032,0.3109325541757974,0.07443070528378606,0.07921947210428652,4.7974,856.093,13.549,,,,,
1.3172093200683594,36.21739196777344,6.664935626960944e-06,35.00486854917234,35950,,,,,,,,,,,,,,
1.1477571868896483,29.675222396850586,6.643297630639404e-06,35.05355404089581,36000,,,,,,,,,,,,,,
1.2277243804931641,31.459081649780273,6.621659634317863e-06,35.10223953261928,36050,,,,,,,,,,,,,,
1.1298314666748046,28.961191177368164,6.6000216379963224e-06,35.15092502434275,36100,,,,,,,,,,,,,,
1.2176263427734375,30.977272033691406,6.578383641674782e-06,35.199610516066215,36150,,,,,,,,,,,,,,
1.1388250732421874,31.609920501708984,6.55674564535324e-06,35.248296007789676,36200,,,,,,,,,,,,,,
1.1552344512939454,33.071449279785156,6.5351076490317e-06,35.296981499513144,36250,,,,,,,,,,,,,,
1.1801297760009766,25.14980697631836,6.513469652710159e-06,35.34566699123661,36300,,,,,,,,,,,,,,
1.2000112915039063,30.119915008544922,6.491831656388619e-06,35.39435248296008,36350,,,,,,,,,,,,,,
1.1623870086669923,25.15289306640625,6.470193660067078e-06,35.44303797468354,36400,,,,,,,,,,,,,,
1.1834202575683594,27.410938262939453,6.448555663745538e-06,35.49172346640701,36450,,,,,,,,,,,,,,
1.2366576385498047,27.038179397583008,6.426917667423998e-06,35.54040895813048,36500,,,,,,,,,,,,,,
1.2144471740722655,30.384220123291016,6.405279671102457e-06,35.589094449853945,36550,,,,,,,,,,,,,,
1.267140121459961,24.716093063354492,6.383641674780916e-06,35.637779941577406,36600,,,,,,,,,,,,,,
1.29565185546875,27.624324798583984,6.362003678459375e-06,35.686465433300874,36650,,,,,,,,,,,,,,
1.246289291381836,39.07745361328125,6.340365682137834e-06,35.73515092502434,36700,,,,,,,,,,,,,,
1.23332275390625,24.960580825805664,6.318727685816294e-06,35.78383641674781,36750,,,,,,,,,,,,,,
1.2572846984863282,32.050045013427734,6.297089689494753e-06,35.83252190847128,36800,,,,,,,,,,,,,,
1.2907569885253907,35.846717834472656,6.275451693173213e-06,35.88120740019474,36850,,,,,,,,,,,,,,
1.1763504028320313,23.018888473510742,6.253813696851672e-06,35.92989289191821,36900,,,,,,,,,,,,,,
1.3054261779785157,39.65830612182617,6.2321757005301306e-06,35.978578383641675,36950,,,,,,,,,,,,,,
,,,36.0,36972,7.905686378479004,0.08619430241051863,0.2352081811541271,0.3109325541757974,0.0756095462533259,0.08028084093181372,4.8118,853.532,13.509,,,,,
1.1544462585449218,26.691322326660156,6.210537704208592e-06,36.02726387536514,37000,,,,,,,,,,,,,,
1.1028272247314452,40.84489822387695,6.18889970788705e-06,36.075949367088604,37050,,,,,,,,,,,,,,
1.1203591918945313,21.106584548950195,6.16726171156551e-06,36.12463485881207,37100,,,,,,,,,,,,,,
0.9908489227294922,35.34787368774414,6.145623715243969e-06,36.17332035053554,37150,,,,,,,,,,,,,,
1.1576285552978516,26.42778778076172,6.123985718922428e-06,36.22200584225901,37200,,,,,,,,,,,,,,
1.2092034149169921,25.512969970703125,6.102347722600888e-06,36.27069133398248,37250,,,,,,,,,,,,,,
1.142255859375,24.71755599975586,6.080709726279347e-06,36.31937682570594,37300,,,,,,,,,,,,,,
1.115837860107422,37.905338287353516,6.059071729957806e-06,36.368062317429406,37350,,,,,,,,,,,,,,
1.1501231384277344,32.124298095703125,6.037433733636265e-06,36.416747809152874,37400,,,,,,,,,,,,,,
1.1646304321289063,34.249359130859375,6.015795737314725e-06,36.46543330087634,37450,,,,,,,,,,,,,,
1.2102232360839844,23.591856002807617,5.994157740993185e-06,36.5141187925998,37500,,,,,,,,,,,,,,
1.1582748413085937,33.127159118652344,5.972519744671644e-06,36.56280428432327,37550,,,,,,,,,,,,,,
1.1666933441162108,33.18706130981445,5.950881748350104e-06,36.61148977604674,37600,,,,,,,,,,,,,,
1.1451491546630859,30.04745864868164,5.929243752028563e-06,36.66017526777021,37650,,,,,,,,,,,,,,
1.2733269500732423,26.63201904296875,5.9076057557070224e-06,36.70886075949367,37700,,,,,,,,,,,,,,
1.237675094604492,34.27510070800781,5.885967759385481e-06,36.757546251217136,37750,,,,,,,,,,,,,,
1.2233255004882813,31.787208557128906,5.86432976306394e-06,36.806231742940604,37800,,,,,,,,,,,,,,
1.1757072448730468,40.12744903564453,5.8426917667424e-06,36.85491723466407,37850,,,,,,,,,,,,,,
1.2900660705566407,33.855751037597656,5.821053770420859e-06,36.90360272638754,37900,,,,,,,,,,,,,,
1.2748065185546875,35.65752029418945,5.799415774099319e-06,36.952288218111,37950,,,,,,,,,,,,,,
,,,37.0,37999,7.966361045837402,0.08765522279035792,0.24178232286340395,0.3116630143657171,0.07505804186060729,0.07988124859424778,4.7984,855.908,13.546,,,,,
1.2383285522460938,31.04047393798828,5.777777777777778e-06,37.00097370983447,38000,,,,,,,,,,,,,,
1.0747038269042968,29.14345932006836,5.756139781456238e-06,37.04965920155794,38050,,,,,,,,,,,,,,
1.104527587890625,30.199174880981445,5.734501785134698e-06,37.098344693281405,38100,,,,,,,,,,,,,,
1.0809906005859375,26.509572982788086,5.712863788813157e-06,37.147030185004866,38150,,,,,,,,,,,,,,
1.1342977142333985,30.48118782043457,5.691225792491616e-06,37.195715676728334,38200,,,,,,,,,,,,,,
1.1024192810058593,25.284034729003906,5.669587796170075e-06,37.2444011684518,38250,,,,,,,,,,,,,,
1.149079360961914,35.9215202331543,5.647949799848534e-06,37.29308666017527,38300,,,,,,,,,,,,,,
1.0964559173583985,25.34438705444336,5.626311803526994e-06,37.34177215189873,38350,,,,,,,,,,,,,,
1.1378844451904297,25.37215232849121,5.604673807205453e-06,37.3904576436222,38400,,,,,,,,,,,,,,
1.028554916381836,23.566234588623047,5.583035810883913e-06,37.43914313534567,38450,,,,,,,,,,,,,,
1.1558915710449218,18.31100845336914,5.561397814562371e-06,37.487828627069135,38500,,,,,,,,,,,,,,
1.131432342529297,29.785614013671875,5.539759818240832e-06,37.5365141187926,38550,,,,,,,,,,,,,,
1.1558560180664061,25.703868865966797,5.518121821919291e-06,37.585199610516064,38600,,,,,,,,,,,,,,
1.142222900390625,31.44182014465332,5.49648382559775e-06,37.63388510223953,38650,,,,,,,,,,,,,,
1.103009262084961,41.37572479248047,5.47484582927621e-06,37.682570593963,38700,,,,,,,,,,,,,,
1.1280908203125,27.040821075439453,5.453207832954669e-06,37.73125608568647,38750,,,,,,,,,,,,,,
1.188531951904297,29.632909774780273,5.431569836633128e-06,37.77994157740993,38800,,,,,,,,,,,,,,
1.2276936340332032,37.26121139526367,5.409931840311588e-06,37.8286270691334,38850,,,,,,,,,,,,,,
1.1384869384765626,29.62869644165039,5.388293843990046e-06,37.877312560856865,38900,,,,,,,,,,,,,,
1.228125,37.38849639892578,5.366655847668506e-06,37.92599805258033,38950,,,,,,,,,,,,,,
1.1481116485595704,30.567934036254883,5.345017851346965e-06,37.9746835443038,39000,,,,,,,,,,,,,,
,,,38.0,39026,8.01468276977539,0.08911614317019723,0.2412953494034575,0.3114195276357439,0.07607174454905384,0.08112979602114785,4.7816,858.92,13.594,,,,,
1.1816245269775392,32.06736755371094,5.3233798550254246e-06,38.02336903602726,39050,,,,,,,,,,,,,,
1.0161617279052735,17.051782608032227,5.301741858703885e-06,38.07205452775073,39100,,,,,,,,,,,,,,
1.0068641662597657,27.853565216064453,5.280103862382344e-06,38.1207400194742,39150,,,,,,,,,,,,,,
1.0044994354248047,27.34012222290039,5.258465866060804e-06,38.169425511197666,39200,,,,,,,,,,,,,,
1.1392581176757812,35.65616226196289,5.236827869739263e-06,38.21811100292113,39250,,,,,,,,,,,,,,
1.1962643432617188,31.97110366821289,5.2151898734177216e-06,38.266796494644595,39300,,,,,,,,,,,,,,
1.0845284271240234,28.02556610107422,5.193551877096181e-06,38.31548198636806,39350,,,,,,,,,,,,,,
1.0173182678222656,23.410049438476562,5.17191388077464e-06,38.36416747809153,39400,,,,,,,,,,,,,,
1.0913713073730469,35.90739440917969,5.1502758844531e-06,38.41285296981499,39450,,,,,,,,,,,,,,
1.1262235260009765,24.0128116607666,5.128637888131559e-06,38.46153846153846,39500,,,,,,,,,,,,,,
1.1385135650634766,33.697105407714844,5.1069998918100186e-06,38.51022395326193,39550,,,,,,,,,,,,,,
1.1187405395507812,35.49932861328125,5.085361895488479e-06,38.558909444985396,39600,,,,,,,,,,,,,,
1.1455642700195312,39.140865325927734,5.063723899166938e-06,38.607594936708864,39650,,,,,,,,,,,,,,
1.1749962615966796,32.64288330078125,5.042085902845398e-06,38.656280428432325,39700,,,,,,,,,,,,,,
1.1448328399658203,29.841367721557617,5.020447906523856e-06,38.70496592015579,39750,,,,,,,,,,,,,,
1.0579561614990234,33.275630950927734,4.9988099102023156e-06,38.75365141187926,39800,,,,,,,,,,,,,,
1.1669771575927734,18.004961013793945,4.977171913880775e-06,38.80233690360273,39850,,,,,,,,,,,,,,
1.1261491394042968,27.671783447265625,4.955533917559234e-06,38.85102239532619,39900,,,,,,,,,,,,,,
1.1563912963867187,32.18019485473633,4.933895921237694e-06,38.89970788704966,39950,,,,,,,,,,,,,,
1.1673593139648437,30.06833267211914,4.912257924916153e-06,38.948393378773126,40000,,,,,,,,,,,,,,
1.20291748046875,30.556303024291992,4.8906199285946126e-06,38.997078870496594,40050,,,,,,,,,,,,,,
,,,39.0,40053,8.091930389404297,0.08935962990017043,0.2412953494034575,0.3111760409057706,0.07599209967860769,0.08137437672943189,4.8082,854.166,13.519,,,,,
1.0230866241455079,34.44014358520508,4.868981932273072e-06,39.045764362220055,40100,,,,,,,,,,,,,,
0.9587887573242188,34.72685623168945,4.847343935951531e-06,39.09444985394352,40150,,,,,,,,,,,,,,
1.0233983612060547,22.128036499023438,4.825705939629991e-06,39.14313534566699,40200,,,,,,,,,,,,,,
1.0893116760253907,24.42032814025879,4.80406794330845e-06,39.19182083739046,40250,,,,,,,,,,,,,,
0.9625811767578125,26.118898391723633,4.78242994698691e-06,39.24050632911393,40300,,,,,,,,,,,,,,
1.017844009399414,33.03729248046875,4.760791950665369e-06,39.28919182083739,40350,,,,,,,,,,,,,,
1.0534297943115234,25.502595901489258,4.739153954343828e-06,39.337877312560856,40400,,,,,,,,,,,,,,
1.104077606201172,28.604475021362305,4.717515958022287e-06,39.386562804284324,40450,,,,,,,,,,,,,,
1.1583180236816406,33.5652961730957,4.695877961700747e-06,39.43524829600779,40500,,,,,,,,,,,,,,
1.0725543975830079,28.816720962524414,4.674239965379207e-06,39.48393378773125,40550,,,,,,,,,,,,,,
1.0369544982910157,31.652923583984375,4.652601969057666e-06,39.53261927945472,40600,,,,,,,,,,,,,,
1.1159282684326173,32.31926727294922,4.630963972736125e-06,39.58130477117819,40650,,,,,,,,,,,,,,
1.153148193359375,30.773677825927734,4.609325976414584e-06,39.62999026290166,40700,,,,,,,,,,,,,,
1.182912368774414,27.884281158447266,4.587687980093043e-06,39.678675754625125,40750,,,,,,,,,,,,,,
1.0783143615722657,34.91120147705078,4.566049983771504e-06,39.727361246348586,40800,,,,,,,,,,,,,,
1.1615410614013673,34.1055793762207,4.544411987449963e-06,39.776046738072054,40850,,,,,,,,,,,,,,
1.0907451629638671,32.57221603393555,4.5227739911284215e-06,39.82473222979552,40900,,,,,,,,,,,,,,
1.172306137084961,33.13255310058594,4.501135994806881e-06,39.87341772151899,40950,,,,,,,,,,,,,,
1.1493670654296875,37.5796012878418,4.47949799848534e-06,39.92210321324245,41000,,,,,,,,,,,,,,
1.1939205932617187,23.719257354736328,4.457860002163801e-06,39.97078870496592,41050,,,,,,,,,,,,,,
,,,40.0,41080,8.057695388793945,0.09082055028000974,0.2393474555636718,0.3109325541757974,0.07787628316246367,0.08313625002315507,4.8131,853.291,13.505,,,,,
1.130037841796875,26.577125549316406,4.436222005842259e-06,40.01947419668939,41100,,,,,,,,,,,,,,
0.988283920288086,26.12823486328125,4.4145840095207185e-06,40.068159688412855,41150,,,,,,,,,,,,,,
0.9534452056884766,30.541767120361328,4.392946013199178e-06,40.116845180136316,41200,,,,,,,,,,,,,,
1.0503536224365235,30.231685638427734,4.371308016877637e-06,40.165530671859784,41250,,,,,,,,,,,,,,
1.0037903594970703,24.34405517578125,4.349670020556097e-06,40.21421616358325,41300,,,,,,,,,,,,,,
0.9668244934082031,32.49799346923828,4.328032024234556e-06,40.26290165530672,41350,,,,,,,,,,,,,,
1.1110993194580079,38.88078689575195,4.3063940279130156e-06,40.31158714703019,41400,,,,,,,,,,,,,,
0.98846435546875,36.00096893310547,4.284756031591475e-06,40.36027263875365,41450,,,,,,,,,,,,,,
1.0463580322265624,34.33282470703125,4.263118035269934e-06,40.40895813047712,41500,,,,,,,,,,,,,,
1.0282750701904297,34.339317321777344,4.241480038948394e-06,40.457643622200585,41550,,,,,,,,,,,,,,
1.0751237487792968,21.17736053466797,4.219842042626853e-06,40.50632911392405,41600,,,,,,,,,,,,,,
1.027981719970703,23.732051849365234,4.1982040463053126e-06,40.555014605647514,41650,,,,,,,,,,,,,,
1.0887391662597656,34.090450286865234,4.176566049983772e-06,40.60370009737098,41700,,,,,,,,,,,,,,
1.102918930053711,33.65481185913086,4.154928053662231e-06,40.65238558909445,41750,,,,,,,,,,,,,,
1.0665473175048827,18.5869083404541,4.13329005734069e-06,40.70107108081792,41800,,,,,,,,,,,,,,
1.0550325012207031,29.862680435180664,4.11165206101915e-06,40.74975657254138,41850,,,,,,,,,,,,,,
1.042418441772461,35.246456146240234,4.0900140646976096e-06,40.79844206426485,41900,,,,,,,,,,,,,,
1.1509033966064453,33.93086242675781,4.068376068376069e-06,40.847127555988315,41950,,,,,,,,,,,,,,
1.1659713745117188,35.52479934692383,4.046738072054528e-06,40.89581304771178,42000,,,,,,,,,,,,,,
1.1334574127197266,39.70756149291992,4.025100075732987e-06,40.94449853943525,42050,,,,,,,,,,,,,,
1.044197540283203,26.78008270263672,4.003462079411447e-06,40.99318403115871,42100,,,,,,,,,,,,,,
,,,41.0,42107,8.168319702148438,0.09009009009009009,0.23886048210372535,0.3102020939858778,0.07691956544667612,0.08241409379289157,4.7822,858.81,13.592,,,,,
1.0160826873779296,23.44011116027832,3.9818240830899066e-06,41.04186952288218,42150,,,,,,,,,,,,,,
0.9713420867919922,28.823795318603516,3.960186086768366e-06,41.09055501460565,42200,,,,,,,,,,,,,,
0.99390380859375,29.842653274536133,3.9385480904468245e-06,41.139240506329116,42250,,,,,,,,,,,,,,
0.9854853057861328,28.339401245117188,3.916910094125284e-06,41.18792599805258,42300,,,,,,,,,,,,,,
1.0522926330566407,31.248123168945312,3.895272097803744e-06,41.236611489776045,42350,,,,,,,,,,,,,,
0.9693214416503906,31.407669067382812,3.8736341014822036e-06,41.28529698149951,42400,,,,,,,,,,,,,,
1.0753875732421876,26.516460418701172,3.851996105160662e-06,41.33398247322298,42450,,,,,,,,,,,,,,
0.9884278869628906,28.361534118652344,3.8303581088391215e-06,41.38266796494645,42500,,,,,,,,,,,,,,
0.9596446990966797,29.13105010986328,3.808720112517581e-06,41.43135345666991,42550,,,,,,,,,,,,,,
1.0366219329833983,20.658042907714844,3.7870821161960407e-06,41.48003894839338,42600,,,,,,,,,,,,,,
1.092982864379883,27.749082565307617,3.7654441198745e-06,41.52872444011685,42650,,,,,,,,,,,,,,
0.9620568084716797,26.388479232788086,3.7438061235529595e-06,41.577409931840315,42700,,,,,,,,,,,,,,
1.0527735900878907,36.8625373840332,3.7221681272314185e-06,41.626095423563775,42750,,,,,,,,,,,,,,
1.1065165710449218,24.173559188842773,3.700530130909878e-06,41.67478091528724,42800,,,,,,,,,,,,,,
1.0799416351318358,33.50313949584961,3.6788921345883373e-06,41.72346640701071,42850,,,,,,,,,,,,,,
1.0663590240478515,32.53532791137695,3.657254138266797e-06,41.77215189873418,42900,,,,,,,,,,,,,,
1.1066765594482422,30.0535945892334,3.635616141945256e-06,41.82083739045764,42950,,,,,,,,,,,,,,
1.0560423278808593,25.557771682739258,3.6139781456237155e-06,41.86952288218111,43000,,,,,,,,,,,,,,
1.058113784790039,22.519346237182617,3.592340149302175e-06,41.91820837390458,43050,,,,,,,,,,,,,,
1.0854164123535157,33.394386291503906,3.570702152980634e-06,41.966893865628045,43100,,,,,,,,,,,,,,
,,,42.0,43134,8.172430992126465,0.09033357682006331,0.2383735086437789,0.3126369612856099,0.07845157309542858,0.08286035552511073,4.8,855.625,13.542,,,,,
1.048550567626953,29.547191619873047,3.5490641566590937e-06,42.01557935735151,43150,,,,,,,,,,,,,,
0.9738336181640626,29.041603088378906,3.527426160337553e-06,42.06426484907497,43200,,,,,,,,,,,,,,
0.8871117401123046,29.576913833618164,3.5057881640160125e-06,42.11295034079844,43250,,,,,,,,,,,,,,
0.9778382873535156,35.207271575927734,3.4841501676944715e-06,42.16163583252191,43300,,,,,,,,,,,,,,
1.0248025512695313,30.331180572509766,3.462512171372931e-06,42.21032132424538,43350,,,,,,,,,,,,,,
0.9895201110839844,23.05364227294922,3.4408741750513907e-06,42.25900681596884,43400,,,,,,,,,,,,,,
1.085594482421875,25.932884216308594,3.41923617872985e-06,42.30769230769231,43450,,,,,,,,,,,,,,
0.9856121826171875,28.409076690673828,3.397598182408309e-06,42.356377799415775,43500,,,,,,,,,,,,,,
1.0250302124023438,27.340593338012695,3.3759601860867685e-06,42.40506329113924,43550,,,,,,,,,,,,,,
1.0562458038330078,33.77507400512695,3.354322189765228e-06,42.453748782862704,43600,,,,,,,,,,,,,,
1.0656610870361327,27.283571243286133,3.3326841934436877e-06,42.50243427458617,43650,,,,,,,,,,,,,,
1.0647027587890625,31.514780044555664,3.3110461971221467e-06,42.55111976630964,43700,,,,,,,,,,,,,,
0.9884378814697266,21.726516723632812,3.289408200800606e-06,42.59980525803311,43750,,,,,,,,,,,,,,
1.0322402954101562,28.945539474487305,3.2677702044790655e-06,42.648490749756576,43800,,,,,,,,,,,,,,
0.9784671020507812,23.99750328063965,3.246132208157525e-06,42.69717624148004,43850,,,,,,,,,,,,,,
1.0500990295410155,20.835813522338867,3.224494211835984e-06,42.745861733203505,43900,,,,,,,,,,,,,,
0.9942463684082031,30.437185287475586,3.2028562155144437e-06,42.79454722492697,43950,,,,,,,,,,,,,,
1.0088980102539062,23.514039993286133,3.181218219192903e-06,42.84323271665044,44000,,,,,,,,,,,,,,
1.044156036376953,23.043609619140625,3.1595802228713625e-06,42.8919182083739,44050,,,,,,,,,,,,,,
1.0791326904296874,27.94954490661621,3.1379422265498215e-06,42.94060370009737,44100,,,,,,,,,,,,,,
1.1120943450927734,33.51298141479492,3.116304230228281e-06,42.98928919182084,44150,,,,,,,,,,,,,,
,,,43.0,44161,8.243042945861816,0.08984660336011688,0.24178232286340395,0.3133674214755296,0.07825104273391618,0.08314675147286935,4.8301,850.3,13.457,,,,,
1.014550094604492,28.431360244750977,3.0946662339067407e-06,43.037974683544306,44200,,,,,,,,,,,,,,
0.9377490234375,27.699848175048828,3.0730282375852e-06,43.08666017526777,44250,,,,,,,,,,,,,,
1.0051248168945313,29.933860778808594,3.051390241263659e-06,43.135345666991235,44300,,,,,,,,,,,,,,
0.9546936798095703,30.37013053894043,3.0297522449421185e-06,43.1840311587147,44350,,,,,,,,,,,,,,
0.9137162780761718,26.898361206054688,3.008114248620578e-06,43.23271665043817,44400,,,,,,,,,,,,,,
0.9391366577148438,27.97263526916504,2.9864762522990377e-06,43.28140214216164,44450,,,,,,,,,,,,,,
0.9456216430664063,27.278249740600586,2.9648382559774967e-06,43.3300876338851,44500,,,,,,,,,,,,,,
0.9459429168701172,14.742910385131836,2.943200259655956e-06,43.37877312560857,44550,,,,,,,,,,,,,,
0.9858171844482422,29.600872039794922,2.9215622633344155e-06,43.427458617332036,44600,,,,,,,,,,,,,,
0.9794970703125,34.00870132446289,2.8999242670128745e-06,43.476144109055504,44650,,,,,,,,,,,,,,
1.0234664154052735,38.202178955078125,2.8782862706913343e-06,43.524829600778965,44700,,,,,,,,,,,,,,
0.958004379272461,40.670841217041016,2.8566482743697937e-06,43.57351509250243,44750,,,,,,,,,,,,,,
1.0000789642333985,24.17793846130371,2.835010278048253e-06,43.6222005842259,44800,,,,,,,,,,,,,,
1.0042856597900391,16.169008255004883,2.813372281726712e-06,43.67088607594937,44850,,,,,,,,,,,,,,
0.9945937347412109,27.354726791381836,2.7917342854051715e-06,43.71957156767284,44900,,,,,,,,,,,,,,
1.0045983123779296,34.821659088134766,2.770096289083631e-06,43.7682570593963,44950,,,,,,,,,,,,,,
1.0662156677246093,31.89969825744629,2.7484582927620907e-06,43.816942551119766,45000,,,,,,,,,,,,,,
1.0627394104003907,33.730735778808594,2.72682029644055e-06,43.865628042843234,45050,,,,,,,,,,,,,,
1.0747824859619142,29.271188735961914,2.705182300119009e-06,43.9143135345667,45100,,,,,,,,,,,,,,
1.0197169494628906,32.647396087646484,2.6835443037974685e-06,43.96299902629016,45150,,,,,,,,,,,,,,
,,,44.0,45188,8.24807071685791,0.08984660336011688,0.24153883613343072,0.31580228877526173,0.07887022953532687,0.08276776433888632,4.7812,858.988,13.595,,,,,
0.970583724975586,27.647462844848633,2.661906307475928e-06,44.01168451801363,45200,,,,,,,,,,,,,,
0.8795265197753906,30.539011001586914,2.6402683111543877e-06,44.0603700097371,45250,,,,,,,,,,,,,,
0.9002044677734375,27.942943572998047,2.6186303148328467e-06,44.10905550146057,45300,,,,,,,,,,,,,,
0.9104829406738282,37.955013275146484,2.596992318511306e-06,44.15774099318403,45350,,,,,,,,,,,,,,
0.95587646484375,25.660303115844727,2.5753543221897655e-06,44.206426484907496,45400,,,,,,,,,,,,,,
0.9833588409423828,38.054481506347656,2.5537163258682245e-06,44.255111976630964,45450,,,,,,,,,,,,,,
0.9804759979248047,32.92730712890625,2.5320783295466843e-06,44.30379746835443,45500,,,,,,,,,,,,,,
0.9376535797119141,29.381174087524414,2.5104403332251437e-06,44.3524829600779,45550,,,,,,,,,,,,,,
0.9923683166503906,30.163721084594727,2.488802336903603e-06,44.40116845180136,45600,,,,,,,,,,,,,,
1.0124791717529298,30.784860610961914,2.467164340582062e-06,44.44985394352483,45650,,,,,,,,,,,,,,
0.9879307556152344,25.849811553955078,2.445526344260522e-06,44.4985394352483,45700,,,,,,,,,,,,,,
0.9634648895263672,38.97510528564453,2.423888347938981e-06,44.547224926971765,45750,,,,,,,,,,,,,,
0.9977802276611328,32.663028717041016,2.4022503516174403e-06,44.595910418695226,45800,,,,,,,,,,,,,,
0.9958155059814453,27.399757385253906,2.3806123552958997e-06,44.644595910418694,45850,,,,,,,,,,,,,,
0.9236149597167969,22.439268112182617,2.358974358974359e-06,44.69328140214216,45900,,,,,,,,,,,,,,
1.00601806640625,35.27418899536133,2.3373363626528185e-06,44.74196689386563,45950,,,,,,,,,,,,,,
0.9558563232421875,30.86139678955078,2.315698366331278e-06,44.79065238558909,46000,,,,,,,,,,,,,,
1.0121914672851562,29.05533218383789,2.2940603700097373e-06,44.83933787731256,46050,,,,,,,,,,,,,,
0.9398004150390625,43.499610900878906,2.2724223736881967e-06,44.88802336903603,46100,,,,,,,,,,,,,,
0.970262451171875,35.42140579223633,2.250784377366656e-06,44.936708860759495,46150,,,,,,,,,,,,,,
1.031953125,26.61834144592285,2.229146381045115e-06,44.98539435248296,46200,,,,,,,,,,,,,,
,,,45.0,46215,8.307718276977539,0.09082055028000974,0.24543462381300218,0.3153153153153153,0.07925325815492289,0.08302198362987252,4.7862,858.092,13.581,,,,,
0.8977748107910156,29.012907028198242,2.207508384723575e-06,45.034079844206424,46250,,,,,,,,,,,,,,
0.9278402709960938,20.334348678588867,2.1858703884020343e-06,45.08276533592989,46300,,,,,,,,,,,,,,
0.9619500732421875,28.587982177734375,2.1642323920804937e-06,45.13145082765336,46350,,,,,,,,,,,,,,
0.9256161499023438,36.98311233520508,2.142594395758953e-06,45.18013631937683,46400,,,,,,,,,,,,,,
0.9392291259765625,24.19234275817871,2.120956399437412e-06,45.22882181110029,46450,,,,,,,,,,,,,,
0.9384925079345703,34.471153259277344,2.099318403115872e-06,45.27750730282376,46500,,,,,,,,,,,,,,
0.9117790222167969,24.27262306213379,2.077680406794331e-06,45.326192794547225,46550,,,,,,,,,,,,,,
0.971802978515625,26.80065155029297,2.0560424104727907e-06,45.37487828627069,46600,,,,,,,,,,,,,,
0.9965190124511719,30.616004943847656,2.0344044141512497e-06,45.42356377799416,46650,,,,,,,,,,,,,,
0.8872457122802735,26.287675857543945,2.012766417829709e-06,45.47224926971762,46700,,,,,,,,,,,,,,
0.9841004180908203,31.495891571044922,1.9911284215081685e-06,45.52093476144109,46750,,,,,,,,,,,,,,
0.9057548522949219,17.969316482543945,1.969490425186628e-06,45.56962025316456,46800,,,,,,,,,,,,,,
0.9265133666992188,27.40812110900879,1.9478524288650873e-06,45.618305744888026,46850,,,,,,,,,,,,,,
1.0369434356689453,28.396881103515625,1.9262144325435467e-06,45.66699123661149,46900,,,,,,,,,,,,,,
0.9596467590332032,29.161327362060547,1.9045764362220059e-06,45.715676728334955,46950,,,,,,,,,,,,,,
0.9579092407226563,31.563692092895508,1.8829384399004655e-06,45.76436222005842,47000,,,,,,,,,,,,,,
1.0401805114746094,29.70005226135254,1.8613004435789247e-06,45.81304771178189,47050,,,,,,,,,,,,,,
0.9902259063720703,35.180233001708984,1.839662447257384e-06,45.86173320350535,47100,,,,,,,,,,,,,,
1.0372537994384765,30.386873245239258,1.8180244509358435e-06,45.91041869522882,47150,,,,,,,,,,,,,,
0.9105625152587891,33.48243713378906,1.7963864546143029e-06,45.95910418695229,47200,,,,,,,,,,,,,,
,,,46.0,47242,8.332979202270508,0.08765522279035792,0.2427562697832968,0.3140978816654492,0.07636707964286768,0.08069614673466542,4.8075,854.284,13.52,,,,,
1.0171817016601563,25.49481201171875,1.774748458292762e-06,46.007789678675756,47250,,,,,,,,,,,,,,
0.9310269165039062,30.383037567138672,1.7531104619712217e-06,46.056475170399224,47300,,,,,,,,,,,,,,
0.9078778076171875,24.81905174255371,1.7314724656496809e-06,46.105160662122685,47350,,,,,,,,,,,,,,
0.8367536163330078,23.475223541259766,1.7098344693281405e-06,46.15384615384615,47400,,,,,,,,,,,,,,
0.9244610595703125,21.310529708862305,1.6881964730065997e-06,46.20253164556962,47450,,,,,,,,,,,,,,
0.9262757110595703,28.63160514831543,1.666558476685059e-06,46.25121713729309,47500,,,,,,,,,,,,,,
0.9533329010009766,27.536819458007812,1.6449204803635185e-06,46.29990262901655,47550,,,,,,,,,,,,,,
0.9487229919433594,29.368896484375,1.6232824840419779e-06,46.34858812074002,47600,,,,,,,,,,,,,,
0.9136066436767578,31.589611053466797,1.6016444877204373e-06,46.397273612463486,47650,,,,,,,,,,,,,,
0.9017877960205078,28.504432678222656,1.5800064913988967e-06,46.445959104186954,47700,,,,,,,,,,,,,,
0.9306992340087891,24.085487365722656,1.5583684950773559e-06,46.494644595910415,47750,,,,,,,,,,,,,,
0.878359146118164,30.72422981262207,1.5367304987558155e-06,46.54333008763388,47800,,,,,,,,,,,,,,
0.9871141052246094,32.748382568359375,1.5150925024342747e-06,46.59201557935735,47850,,,,,,,,,,,,,,
0.9553016662597656,27.281877517700195,1.493454506112734e-06,46.64070107108082,47900,,,,,,,,,,,,,,
0.9613694000244141,33.486488342285156,1.4718165097911935e-06,46.68938656280429,47950,,,,,,,,,,,,,,
0.8979247283935546,27.5168514251709,1.4501785134696529e-06,46.73807205452775,48000,,,,,,,,,,,,,,
0.9631281280517578,22.143918991088867,1.4285405171481123e-06,46.786757546251216,48050,,,,,,,,,,,,,,
0.9314776611328125,33.21855545043945,1.4069025208265717e-06,46.835443037974684,48100,,,,,,,,,,,,,,
0.935234146118164,27.087026596069336,1.3852645245050309e-06,46.88412852969815,48150,,,,,,,,,,,,,,
0.9433621978759765,36.41768264770508,1.3636265281834905e-06,46.93281402142161,48200,,,,,,,,,,,,,,
0.9776631927490235,20.668060302734375,1.3419885318619497e-06,46.98149951314508,48250,,,,,,,,,,,,,,
,,,47.0,48269,8.34176254272461,0.09082055028000974,0.24421719016313612,0.3148283418553689,0.07962243253408408,0.08400597820049654,4.7944,856.632,13.558,,,,,
0.8711282348632813,30.640653610229492,1.3203505355404088e-06,47.03018500486855,48300,,,,,,,,,,,,,,
0.9259431457519531,28.989660263061523,1.2987125392188685e-06,47.07887049659202,48350,,,,,,,,,,,,,,
0.8486872863769531,21.978330612182617,1.2770745428973276e-06,47.12755598831548,48400,,,,,,,,,,,,,,
0.9321846008300781,31.608142852783203,1.2554365465757873e-06,47.17624148003895,48450,,,,,,,,,,,,,,
0.9473014068603516,26.008892059326172,1.2337985502542464e-06,47.224926971762414,48500,,,,,,,,,,,,,,
0.8945854187011719,33.6617546081543,1.212160553932706e-06,47.27361246348588,48550,,,,,,,,,,,,,,
0.8325472259521485,30.628894805908203,1.1905225576111655e-06,47.32229795520935,48600,,,,,,,,,,,,,,
0.8616910552978516,25.707265853881836,1.1688845612896246e-06,47.37098344693281,48650,,,,,,,,,,,,,,
0.9135219573974609,27.25298309326172,1.147246564968084e-06,47.41966893865628,48700,,,,,,,,,,,,,,
0.8615330505371094,30.752649307250977,1.1256085686465435e-06,47.46835443037975,48750,,,,,,,,,,,,,,
0.8968550109863281,31.892717361450195,1.1039705723250029e-06,47.517039922103216,48800,,,,,,,,,,,,,,
0.9473039245605469,25.325992584228516,1.082332576003462e-06,47.56572541382668,48850,,,,,,,,,,,,,,
0.9721366119384766,21.26473045349121,1.0606945796819214e-06,47.614410905550145,48900,,,,,,,,,,,,,,
0.8475392913818359,30.66118621826172,1.0390565833603808e-06,47.66309639727361,48950,,,,,,,,,,,,,,
0.9689053344726563,25.031631469726562,1.0174185870388402e-06,47.71178188899708,49000,,,,,,,,,,,,,,
0.9607561492919922,31.68548011779785,9.957805907172996e-07,47.76046738072055,49050,,,,,,,,,,,,,,
0.9584619903564453,30.732702255249023,9.74142594395759e-07,47.80915287244401,49100,,,,,,,,,,,,,,
0.9455307006835938,27.613239288330078,9.525045980742184e-07,47.85783836416748,49150,,,,,,,,,,,,,,
0.980859146118164,22.05192756652832,9.308666017526778e-07,47.906523855890946,49200,,,,,,,,,,,,,,
0.8541531372070312,30.487009048461914,9.09228605431137e-07,47.955209347614414,49250,,,,,,,,,,,,,,
,,,48.0,49296,8.37463092803955,0.09130752373995617,0.24446067689310932,0.3150718285853421,0.07931682344358379,0.08423101093963303,4.7985,855.886,13.546,,,,,
0.8747930908203125,34.6599006652832,8.875906091095965e-07,48.003894839337875,49300,,,,,,,,,,,,,,
0.8552283477783204,29.449176788330078,8.659526127880559e-07,48.05258033106134,49350,,,,,,,,,,,,,,
0.9346540832519531,39.810855865478516,8.443146164665153e-07,48.10126582278481,49400,,,,,,,,,,,,,,
0.8975172424316407,28.757837295532227,8.226766201449747e-07,48.14995131450828,49450,,,,,,,,,,,,,,
0.8499607849121094,27.466428756713867,8.010386238234339e-07,48.19863680623174,49500,,,,,,,,,,,,,,
0.9359016418457031,25.70665168762207,7.794006275018933e-07,48.24732229795521,49550,,,,,,,,,,,,,,
0.8562464141845703,29.701492309570312,7.577626311803527e-07,48.296007789678676,49600,,,,,,,,,,,,,,
0.894386215209961,24.242870330810547,7.361246348588122e-07,48.344693281402144,49650,,,,,,,,,,,,,,
0.955645751953125,27.908973693847656,7.144866385372714e-07,48.39337877312561,49700,,,,,,,,,,,,,,
0.9019629669189453,23.057710647583008,6.928486422157308e-07,48.44206426484907,49750,,,,,,,,,,,,,,
0.9007569885253907,21.496440887451172,6.712106458941902e-07,48.49074975657254,49800,,,,,,,,,,,,,,
0.8513497924804687,31.94382095336914,6.495726495726496e-07,48.53943524829601,49850,,,,,,,,,,,,,,
0.9423899841308594,38.22232437133789,6.279346532511089e-07,48.58812074001948,49900,,,,,,,,,,,,,,
0.8833807373046875,25.977283477783203,6.062966569295683e-07,48.63680623174294,49950,,,,,,,,,,,,,,
0.96238037109375,20.85135841369629,5.846586606080277e-07,48.685491723466406,50000,,,,,,,,,,,,,,
0.8978656768798828,26.491418838500977,5.630206642864871e-07,48.734177215189874,50050,,,,,,,,,,,,,,
0.8943971252441406,33.309993743896484,5.413826679649465e-07,48.78286270691334,50100,,,,,,,,,,,,,,
0.9443866729736328,34.864524841308594,5.197446716434058e-07,48.8315481986368,50150,,,,,,,,,,,,,,
0.890626220703125,19.886024475097656,4.981066753218652e-07,48.88023369036027,50200,,,,,,,,,,,,,,
0.92959228515625,32.224674224853516,4.764686790003246e-07,48.92891918208374,50250,,,,,,,,,,,,,,
0.921212158203125,27.998159408569336,4.54830682678784e-07,48.97760467380721,50300,,,,,,,,,,,,,,
,,,49.0,50323,8.38265609741211,0.08984660336011688,0.24494765035305577,0.3150718285853421,0.07815294041246468,0.08290060323596689,4.8041,854.897,13.53,,,,,
0.93604248046875,32.3606071472168,4.331926863572434e-07,49.026290165530675,50350,,,,,,,,,,,,,,
0.9113188171386719,27.532068252563477,4.115546900357027e-07,49.074975657254136,50400,,,,,,,,,,,,,,
0.8890384674072266,30.6221923828125,3.899166937141621e-07,49.123661148977604,50450,,,,,,,,,,,,,,
0.8490651702880859,20.023557662963867,3.682786973926215e-07,49.17234664070107,50500,,,,,,,,,,,,,,
0.9023533630371093,27.93458366394043,3.466407010710809e-07,49.22103213242454,50550,,,,,,,,,,,,,,
0.9099720001220704,34.13798904418945,3.250027047495402e-07,49.269717624148,50600,,,,,,,,,,,,,,
0.8699009704589844,28.743549346923828,3.0336470842799957e-07,49.31840311587147,50650,,,,,,,,,,,,,,
0.8750450897216797,40.6984748840332,2.8172671210645897e-07,49.36708860759494,50700,,,,,,,,,,,,,,
0.8634136199951172,31.33603286743164,2.600887157849183e-07,49.415774099318405,50750,,,,,,,,,,,,,,
0.8621944427490235,25.903053283691406,2.384507194633777e-07,49.46445959104187,50800,,,,,,,,,,,,,,
0.9267659759521485,33.55756378173828,2.168127231418371e-07,49.513145082765334,50850,,,,,,,,,,,,,,
0.893033218383789,33.88625717163086,1.9517472682029647e-07,49.5618305744888,50900,,,,,,,,,,,,,,
0.8779632568359375,27.774972915649414,1.7353673049875584e-07,49.61051606621227,50950,,,,,,,,,,,,,,
0.880040283203125,35.52504348754883,1.518987341772152e-07,49.65920155793574,51000,,,,,,,,,,,,,,
0.8780756378173828,26.589170455932617,1.3026073785567457e-07,49.7078870496592,51050,,,,,,,,,,,,,,
0.88379150390625,34.52165985107422,1.0862274153413395e-07,49.75657254138267,51100,,,,,,,,,,,,,,
0.9376441192626953,26.145227432250977,8.698474521259333e-08,49.805258033106135,51150,,,,,,,,,,,,,,
0.8627622985839843,32.09712219238281,6.534674889105269e-08,49.8539435248296,51200,,,,,,,,,,,,,,
0.9635903930664063,30.106576919555664,4.370875256951207e-08,49.902629016553064,51250,,,,,,,,,,,,,,
0.8822983551025391,36.903785705566406,2.207075624797144e-08,49.95131450827653,51300,,,,,,,,,,,,,,
0.95133056640625,39.401344299316406,4.3275992643081255e-10,50.0,51350,,,,,,,,,,,,,,
,,,50.0,51350,8.387081146240234,0.09033357682006331,0.24592159727294863,0.31580228877526173,0.07834466290160971,0.08324716256522005,4.8173,852.545,13.493,,,,,
,,,50.0,51350,,,,,,,,,,3583.0705,229.217,14.331,2.77387315898112e+16,2.803271191011037
